train,Family-Horror-Thriller,252235,188
train,Family-Horror-Thriller,384188,181
train,Family-Horror-Thriller,43285,381
train,Fantasy-Horror-Music,352850,166
train,Fantasy-Horror-Music,379859,312
train,Family-Fantasy-Music-Romance,42622,379
train,Family,64609,321
train,Family,399356,380
train,Family,278028,464
train,Family,380105,85
train,Family,272726,305
train,Family,17636,169
train,Family,69894,80
train,Family,60484,228
train,Family,78989,344
train,Family,43725,246
train,Family,67039,328
train,Family,799,288
train,Family,322969,343
train,Family,399984,191
train,Family,168877,100
train,Family,333853,103
train,Family,82164,218
train,Family,340518,277
train,Family,275473,265
train,Family,69961,332
train,Family,341986,99
train,Family,124849,146
train,Family,45827,167
train,Family,62478,278
train,Family,375140,115
train,Family,55972,146
train,Family,380714,123
train,Family,380727,274
train,Family,63001,128
train,Family,332989,72
train,Family,129495,140
train,Family,235488,105
train,Family,38348,224
train,Family,117148,295
train,Family,380717,123
train,Family,322979,314
train,Family,401701,150
train,Family,386700,294
train,Family,297950,357
train,Family,16339,108
train,Family,300325,207
train,Family,86245,287
train,Family,400165,331
train,Family,62239,96
train,Family,324840,276
train,Family,367541,249
train,Family,330968,163
train,Family,83927,192
train,Family,73185,133
train,Family,45632,257
train,Family,38685,666
train,Family,33021,190
train,Family,399600,334
train,Family,380744,248
train,Family,340492,237
train,Family,340508,292
train,Family,347905,204
train,Family,289931,289
train,Family,461038,193
train,Family,36538,157
train,Family,273322,348
train,Family,75054,165
train,Family,49602,181
train,Family,372814,360
train,Family,37449,247
train,Family,331787,343
train,Family,385275,139
train,Family,323192,245
train,Family,322500,64
train,Family,408515,184
train,Family,150581,313
train,Family,43284,137
train,Family,281988,147
train,Family,450312,191
train,Family,429588,277
train,Family,111037,443
train,Family,461242,60
train,Family,318233,235
train,Family,84292,169
train,Family,79617,257
train,Family,22785,160
train,Family,372060,111
train,Family,399918,128
train,Family,261806,292
train,Family,340532,284
train,Family,136423,179
train,Family,354832,173
train,Family,204398,164
train,Family,325077,171
train,Family,406664,263
train,Family,45731,346
train,Family,410960,295
train,Family,140588,111
train,Family,380849,327
train,Family,273321,100
train,Family,372813,218
train,Family,370633,124
train,Family,292743,248
train,Family,79086,286
train,Family,141418,292
train,Family,46053,263
train,Family,119585,252
train,Family,479078,373
train,Family,285291,203
train,Family,375184,333
train,Family,322958,207
train,Family,323062,162
train,Family,399514,164
train,Family,95500,222
train,Family,340531,220
train,Family,272246,318
train,Family,320609,119
train,Family,352475,186
train,Family,331095,288
train,Family,160413,325
train,Family,56871,215
train,Family,386858,389
train,Family,380712,181
train,Family,353822,320
train,Family,324654,280
train,Family,399948,151
train,Family,30583,78
train,Family,58913,357
train,Family,265923,132
train,Family,262228,172
train,Family,44939,297
train,Family,470995,219
train,Family,187668,191
train,Family,23738,358
train,Family,21664,222
train,Family,339012,216
train,Family,52342,148
train,Family,296996,64
train,Family,340060,180
train,Family,237709,324
train,Family,20973,170
train,Family,31975,264
train,Family,369929,243
train,Family,281862,354
train,Family,62249,63
train,Family,459333,390
train,Family,325017,251
train,Family,327735,190
train,Family,72395,74
train,Family,64027,116
train,Family,201558,266
train,Family,306795,333
train,Family,372918,106
train,Family,279734,69
train,Family,103014,64
train,Family,314622,71
train,Family,315502,85
train,Family,479493,283
train,Family,40481,145
train,Family,340497,142
train,Family,34606,266
train,Family,301527,211
train,Family,13864,216
train,Family,112937,198
train,Family,17644,169
train,Family,400115,121
train,Family,370765,242
train,Family,394704,308
train,Family,371072,74
train,Family,273673,195
train,Family,26111,147
train,Family,325058,264
train,Family,51020,285
train,Family,288974,152
train,Family,342480,293
train,Family,72476,90
train,Family,250243,185
train,Family,292820,266
train,Family,35639,290
train,Family,122460,118
train,Family,82306,144
train,Family,67761,186
train,Family,371033,129
train,Family,279478,162
train,Family,372915,121
train,Family,406787,209
train,Family,455386,154
train,Family,399991,161
train,Family,40696,147
train,Family,62907,378
train,Family,429882,71
train,Family,328094,152
train,Family,38225,284
train,Family,399755,309
train,Family,63408,106
train,Family,432115,353
train,Family,151909,292
train,Family,212669,99
train,Family,380713,123
train,Family,299882,81
train,Family,265091,263
train,Family,399705,296
train,Family,66861,179
train,Family,36304,382
train,Family,340515,204
train,Family,61660,243
train,Family,95783,124
train,Family,324659,206
train,Family,70167,250
train,Family,61550,302
train,Family,322968,314
train,Family,258399,368
train,Family,341377,121
train,Family,278838,147
train,Family,54348,199
train,Family,374829,450
train,Family,264280,403
train,Family,438133,195
train,Family,49432,454
train,Family,380698,175
train,Family,325057,158
train,Family,322942,316
train,Family,14852,174
train,Family,55897,268
train,Family,385098,345
train,Family,323061,197
train,Family,257179,61
train,Family,80213,126
train,Family,296703,126
train,Family,399591,350
train,Family,36579,148
train,Family,388239,357
train,Family,21340,373
train,Family,70960,93
train,Family,302676,158
train,Family,459841,117
train,Family,21293,246
train,Family,490817,323
train,Family,54005,115
train,Family,168868,340
train,Family,315687,279
train,Family,79869,141
train,Family,210769,160
train,Family,370100,64
train,Family,421627,299
train,Family,137095,305
train,Family,263878,162
train,Family,452165,151
train,Family,387096,201
train,Family,29097,369
train,Family,335044,265
train,Family,399414,132
train,Family,212200,327
train,Family,380719,123
train,Family,324829,329
train,Family,278133,81
train,Family,75956,264
train,Family,267698,205
train,Family,113734,346
train,Family,364387,197
train,Family,457392,148
train,Family,14350,128
train,Family,145132,209
train,Family,435594,266
train,Family,231231,241
train,Family,18981,130
train,Family,323036,115
train,Family,82038,93
train,Family,36537,175
train,Family,266134,244
train,Family,324657,346
train,Family,52295,64
train,Family,316312,155
train,Family,340506,137
train,Family,359104,100
train,Family,223552,323
train,Family,134841,255
train,Family,270776,75
train,Family,330927,304
train,Family,438643,241
train,Family,284512,181
train,Family,446829,156
train,Family,264809,256
train,Family,80897,64
train,Family,35909,63
train,Family,374752,153
train,Family,127086,299
train,Family,312122,141
train,Family,468147,280
train,Family,76296,275
train,Family,475777,184
train,Family,279459,281
train,Family,134671,120
train,Family,24432,174
train,Family,288508,327
train,Family,371012,117
train,Family,50801,99
train,Family,63012,257
train,Family,279375,232
train,Family,476191,176
train,Family,68466,329
train,Family,128450,208
train,Family,312817,221
train,Family,380701,422
train,Family,209074,327
train,Family,26538,142
train,Family,337409,315
train,Family,204582,228
train,Family,194098,132
train,Family,88260,246
train,Family,291536,177
train,Family,13871,333
train,Family,333493,286
train,Family,425130,279
train,Family,316166,98
train,Family,406546,326
train,Family,75324,623
train,Family,286779,313
train,Family,413706,311
train,Family,397563,347
train,Family,380709,231
train,Family,139869,288
train,Family,13868,108
train,Family,13876,106
train,Family,322974,314
train,Family,398940,332
train,Family,399975,217
train,Family,232105,161
train,Family,357726,279
train,Family,212668,194
train,Family,399971,494
train,Family,134639,82
train,Family,340524,59
train,Family,398946,235
train,Family,275367,281
train,Family,291836,206
train,Family,279463,70
train,Family,264257,59
train,Family,341433,116
train,Family,278067,196
train,Family,279338,319
train,Family,179294,339
train,Family,72992,223
train,Family,56112,268
train,Family,371358,352
train,Family,66624,66
train,Family,307713,307
train,Family,322940,281
train,Family,41707,192
train,Family,116322,267
train,Family,315972,347
train,Family,278204,164
train,Family,63410,138
train,Family,36578,314
train,Family,64282,75
train,Family,278361,290
train,Family,13880,308
train,Family,418893,62
train,Family,221510,216
train,Family,340496,66
train,Family,285313,98
train,Family,19649,408
train,Family,36534,71
train,Family,261844,108
train,Family,38081,231
train,Family,301942,151
train,Family,113115,84
train,Family,88773,188
train,Family,44429,167
train,Family,323070,234
train,Family,213504,302
train,Family,130370,194
train,Family,318904,86
train,Family,462576,292
train,Family,361376,245
train,Family,242682,211
train,Family,460313,315
train,Family,343948,103
train,Family,142571,245
train,Family,293471,198
train,Family,180787,77
train,Family,60467,159
train,Family,31433,234
train,Family,13866,60
train,Family,399752,164
train,Family,162620,300
train,Family,60536,165
train,Family,414989,206
train,Family,384323,92
train,Family,13879,232
train,Family,285289,246
train,Family,249033,292
train,Family,380724,271
train,Family,282398,285
train,Family,485612,242
train,Family,50484,375
train,Family,371368,265
train,Family,60043,330
train,Family,116038,175
train,Family,322970,258
train,Family,346071,354
train,Family,399491,329
train,Family,30105,100
train,Family,279521,351
train,Family,400045,212
train,Family,388888,224
train,Family,263984,196
train,Family,311042,67
train,Family,75323,293
train,Family,109175,233
train,Family,324825,117
train,Family,489464,290
train,Family,231054,304
train,Family,41904,88
train,Family,406294,343
train,Family,282583,451
train,Family,72674,186
train,Family,324771,140
train,Family,49552,65
train,Family,72482,116
train,Family,302413,308
train,Family,362998,381
train,Family,324842,213
train,Family,13873,151
train,Family,350560,87
train,Family,429657,128
train,Family,377652,131
train,Family,31242,98
train,Family,411536,273
train,Family,362538,329
train,Family,178818,198
train,Family,62505,261
train,Family,82279,198
train,Family,406551,89
train,Family,309768,327
train,Family,341371,124
train,Family,318959,249
train,Family,428552,265
train,Family,353755,179
train,Family,300394,153
train,Family,440805,262
train,Family,299676,163
train,Family,273323,237
train,Family,461696,234
train,Family,40749,128
train,Family,383401,377
train,Family,488652,280
train,Family,405976,270
train,Family,461712,162
train,Family,311323,168
train,Family,322965,346
train,Family,394678,275
train,Family,21273,355
train,Family,278807,63
train,Family,142308,172
train,Family,76594,333
train,Family,329030,356
train,Family,191846,132
train,Family,473392,151
train,Family,277775,166
train,Family,447027,314
train,Family,413113,357
train,Family,52737,218
train,Family,324841,248
train,Family,299400,173
train,Family,324651,333
train,Family,336336,250
train,Family,290977,142
train,Family,209109,268
train,Family,19303,232
train,Family,278836,179
train,Family,36858,142
train,Family,400000,374
train,Family,260993,234
train,Family,322960,333
train,Family,168871,147
train,Family,36581,163
train,Family,81907,341
train,Family,348635,144
train,Family,240723,224
train,Family,34672,378
train,Family,307125,320
train,Family,403216,104
train,Family,347901,295
train,Family,135178,268
train,Family,284149,250
train,Family,406754,165
train,Family,341431,70
train,Family,31109,89
train,Family,322948,216
train,Family,57872,162
train,Family,51024,249
train,Family,269192,403
train,Family,305458,81
train,Family,369429,330
train,Family,367537,328
train,Family,429309,128
train,Family,380737,248
train,Family,135832,343
train,Family,237717,257
train,Family,253006,186
train,Family,380715,343
train,Family,124822,249
train,Family,43300,111
train,Family,324833,212
train,Family,275035,239
train,Family,50730,232
train,Family,134686,112
train,Family,385313,495
train,Family,63997,145
train,Family,179624,150
train,Family,436452,260
train,Family,278373,226
train,Family,335194,253
train,Family,369055,76
train,Family,322715,175
train,Family,76496,89
train,Family,71082,214
train,Family,456556,60
train,Family,13875,58
train,Family,305751,119
train,Family,138485,389
train,Family,102909,82
train,Family,103655,380
train,Family,354246,234
train,Family,323237,185
train,Family,348632,368
train,Family,322959,343
train,Family,294826,319
train,Family,322972,324
train,Family,255476,205
train,Family,260440,189
train,Family,407972,174
train,Family,341379,69
train,Family,18180,401
train,Family,212295,148
train,Family,323044,288
train,Family,66262,255
train,Family,76123,155
train,Family,278841,182
train,Family,303958,107
train,Family,342469,237
train,Family,83006,91
train,Family,273330,165
train,Family,406440,249
train,Family,278370,336
train,Family,307172,205
train,Family,77576,62
train,Family,68007,203
train,Family,414925,172
train,Family,265796,147
train,Family,268702,157
train,Family,323068,126
train,Family,273150,187
train,Family,64413,118
train,Family,33307,303
train,Family,469922,310
train,Family,344923,295
train,Family,97932,288
train,Family,343348,387
train,Family,20972,158
train,Family,340517,59
train,Family,303954,121
train,Family,173712,110
train,Family,372919,60
train,Family,322987,260
train,Family,73707,259
train,Family,58743,194
train,Family,393877,133
train,Family,450831,351
train,Family,139320,251
train,Family,249803,314
train,Family,157763,273
train,Family,395355,256
train,Family,62863,160
train,Family,321159,334
train,Family,30101,169
train,Family,355638,133
train,Family,179796,1176
train,Family,43070,122
train,Family,380725,274
train,Family,350760,260
train,Family,154586,289
train,Family,134749,129
train,Family,45931,126
train,Family,432247,344
train,Family,286242,138
train,Family,231530,257
train,Family,17415,128
train,Family,339344,194
train,Family,341373,285
train,Family,280543,228
train,Family,55928,206
train,Family,149023,330
train,Family,480854,176
train,Family,283154,126
train,Family,434925,128
train,Family,67948,187
train,Family,399920,329
train,Family,396094,221
train,Family,358956,61
train,Family,340529,104
train,Family,342481,312
train,Family,307115,219
train,Family,329523,323
train,Family,332811,614
train,Family,343214,300
train,Family,50119,282
train,Family,249051,64
train,Family,230213,263
train,Family,151486,130
train,Family,376957,306
train,Family,410405,218
train,Family,67211,241
train,Family,122956,333
train,Family,215963,248
train,Family,322993,316
train,Family,223944,265
train,Family,38727,230
train,Family,359695,287
train,Family,329031,261
train,Family,421852,194
train,Family,411545,217
train,Family,105239,79
train,Family,267683,318
train,Family,13755,74
train,Family,294129,66
train,Family,56644,271
train,Family,113107,137
train,Family,483599,234
train,Family,75244,136
train,Family,366242,357
train,Family,41907,225
train,Family,334935,219
train,Family,399309,183
train,Family,134415,271
train,Family,380703,123
train,Family,406611,142
train,Family,139017,81
train,Family,484016,377
train,Family,390400,197
train,Family,332022,229
train,Family,255801,119
train,Family,464957,130
train,Family,280368,361
train,Family,435141,224
train,Family,13865,269
train,Family,46859,130
train,Family,311157,79
train,Family,150039,110
train,Family,82263,340
train,Family,13872,60
train,Family,433763,277
train,Family,122972,118
train,Family,85213,342
train,Family,25456,170
train,Family,199743,328
train,Family,230063,278
train,Family,157710,298
train,Family,417382,102
train,Family,306829,263
train,Family,322946,121
train,Family,37127,130
train,Family,322990,343
train,Family,359869,303
train,Family,37751,130
train,Family,135361,338
train,Family,340511,306
train,Family,414396,193
train,Family,27598,147
train,Family,82302,337
train,Family,224409,133
train,Family,444250,80
train,Family,55363,72
train,Family,476860,248
train,Family,324655,253
train,Family,472031,349
train,Family,474567,8047
train,Family,489537,252
train,Family,53511,352
train,Family,137099,305
train,Family,113112,299
train,Family,145037,132
train,Family,480878,258
train,Family,307721,145
train,Family,82770,358
train,Family,372663,433
train,Family,69507,372
train,Family,282617,252
train,Family,64159,231
train,Family,282777,319
train,Family,415318,149
train,Family,56882,306
train,Family,477575,10793
train,Family,388214,209
train,Family,67519,198
train,Family,24114,239
train,Family,25457,299
train,Family,397262,158
train,Family,126472,232
train,Family,120170,118
train,Family,256424,244
train,Family,269052,122
train,Family,282591,176
train,Family,380720,123
train,Family,195380,256
train,Family,31615,134
train,Family,372917,224
train,Family,338687,62
train,Family,107398,364
train,Family,188537,263
train,Family,406768,382
train,Family,488670,155
train,Family,478844,303
train,Family,77090,219
train,Family,171658,275
train,Family,13883,266
train,Family,326911,157
train,Family,337265,340
train,Family,462802,159
train,Family,160498,225
train,Family,114718,293
train,Family,315545,77
train,Family,399099,177
train,Family,37788,299
train,Family,15964,336
train,Family,241952,1529
train,Family,64005,145
train,Family,363248,207
train,Family,15164,299
train,Family,110636,155
train,Family,324826,271
train,Family,426140,128
train,Family,191975,307
train,Family,127662,78
train,Family,60432,61
train,Family,379731,251
train,Family,454605,151
train,Family,315645,122
train,Family,381405,239
train,Family,380740,116
train,Family,462139,229
train,Family,371041,204
train,Family,273124,246
train,Family,152098,80
train,Family,438214,218
train,Family,113946,270
train,Family,279330,262
train,Family,318494,146
train,Family,375141,337
train,Family,106575,278
train,Family,279595,114
train,Family,112178,149
train,Family,50481,241
train,Family,342802,371
train,Family,41909,345
train,Family,130565,337
train,Family,340534,240
train,Family,315612,307
train,Family,95499,270
train,Family,46496,71
train,Family,371542,222
train,Family,205339,215
train,Family,266143,237
train,Family,416261,256
train,Family,68465,200
train,Family,264256,64
train,Family,169380,312
train,Family,323208,306
train,Family,430557,143
train,Family,447480,209
train,Family,30558,66
train,Family,285867,230
train,Family,28657,64
train,Family,451075,337
train,Family,303959,184
train,Family,279469,182
train,Family,340533,205
train,Family,396289,233
train,Family,322956,103
train,Family,161189,103
train,Family,270600,143
train,Family,324839,146
train,Family,319374,266
train,Family,156572,322
train,Family,332135,269
train,Family,322022,113
train,Family,82238,80
train,Family,381950,183
train,Family,76618,328
train,Family,244806,253
train,Family,37494,189
train,Family,51881,136
train,Family,54345,331
train,Family,292723,204
train,Family,455546,280
train,Family,75897,309
train,Family,21412,317
train,Family,348456,352
train,Family,124036,255
train,Family,213458,169
train,Family,100103,132
train,Family,149910,272
train,Family,413707,321
train,Family,77453,253
train,Family,370377,355
train,Family,249050,311
train,Family,85580,193
train,Family,13884,81
train,Family,341370,169
train,Family,58552,152
train,Family,63957,170
train,Family,55262,192
train,Family,117452,192
train,Family,366339,137
train,Family,34037,292
train,Family,36539,105
train,Family,78625,308
train,Family,187509,313
train,Family,322949,369
train,Family,412020,443
train,Family,447429,274
train,Family,33456,201
train,Family,160293,264
train,Family,50415,148
train,Family,399358,209
train,Family,341372,105
train,Family,13867,184
train,Family,73122,72
train,Family,38393,143
train,Family,71797,251
train,Family,73960,74
train,Family,488373,131
train,Family,74923,303
train,Family,225819,251
train,Family,329162,254
train,Family,380711,77
train,Family,427057,304
train,Family,388219,363
train,Family,278143,207
train,Family,50483,352
train,Family,100685,156
train,Family,17432,269
train,Family,60113,359
train,Family,63788,195
train,Family,69355,133
train,Family,77974,129
train,Family,374198,160
train,Family,451020,179
train,Family,399553,115
train,Family,52807,63
train,Family,61491,187
train,Family,385100,170
train,Family,118475,121
train,Family,63809,236
train,Family,411991,312
train,Family,449526,71
train,Family,58354,3225
train,Family,45789,161
train,Family,463985,323
train,Family,451285,483
train,Family,74972,289
train,Family,13874,145
train,Family,81380,188
train,Family,372298,202
train,Fantasy-Horror-Mystery-Romance-Thriller,28892,272
train,Fantasy-History,302842,317
train,Fantasy-History,281313,472
train,Fantasy-History,263400,298
train,Fantasy-History,41991,247
train,Fantasy-History,69471,238
train,Fantasy-History,265092,258
train,Fantasy-History,282269,141
train,Family-Romance-TV_Movie,105439,60
train,Family-Romance-TV_Movie,81332,208
train,Family-Romance-TV_Movie,386503,278
train,Family-Romance-TV_Movie,149218,65
train,Family-Romance-TV_Movie,348393,224
train,Family-Romance-TV_Movie,363482,75
train,Family-Romance-TV_Movie,400190,132
train,Family-Romance-TV_Movie,82377,80
train,Family-Romance-TV_Movie,299581,74
train,Family-Romance-TV_Movie,76947,283
train,Fantasy-Mystery-Romance-Science_Fiction-Thriller,464842,287
train,Fantasy-Science_Fiction-Thriller,8765,158
train,Fantasy-Science_Fiction-Thriller,74511,162
train,Fantasy-Science_Fiction-Thriller,81032,322
train,Fantasy-Science_Fiction-Thriller,478850,230
train,Fantasy-Science_Fiction-Thriller,29640,127
train,Fantasy-Science_Fiction-Thriller,52634,257
train,Fantasy-Science_Fiction-Thriller,113040,139
train,Fantasy-Science_Fiction-Thriller,436274,211
train,Fantasy-Science_Fiction-Thriller,99847,308
train,Fantasy-Horror-Mystery-Romance,422729,291
train,Fantasy-Science_Fiction,353927,318
train,Fantasy-Science_Fiction,305351,275
train,Fantasy-Science_Fiction,22049,338
train,Fantasy-Science_Fiction,72824,167
train,Fantasy-Science_Fiction,39264,262
train,Fantasy-Science_Fiction,302508,178
train,Fantasy-Science_Fiction,395759,225
train,Fantasy-Science_Fiction,166685,299
train,Fantasy-Science_Fiction,38219,157
train,Fantasy-Science_Fiction,273445,295
train,Fantasy-Science_Fiction,27361,287
train,Fantasy-Science_Fiction,452538,220
train,Fantasy-Science_Fiction,341993,292
train,Fantasy-Science_Fiction,193947,228
train,Fantasy-Science_Fiction,356856,335
train,Fantasy-Science_Fiction,63420,178
train,Fantasy-Science_Fiction,25622,241
train,Fantasy-Science_Fiction,70506,282
train,Fantasy-Science_Fiction,70530,255
train,Fantasy-Science_Fiction,460952,204
train,Fantasy-Science_Fiction,136217,262
train,Fantasy-Science_Fiction,353917,318
train,Fantasy-Science_Fiction,108061,218
train,Fantasy-Science_Fiction,312399,362
train,Fantasy-Science_Fiction,137209,362
train,Fantasy-Science_Fiction,482460,372
train,Fantasy-Science_Fiction,76535,560
train,Fantasy-Science_Fiction,47364,47
train,Fantasy-Science_Fiction,261362,297
train,Fantasy-Science_Fiction,194070,260
train,Fantasy-Science_Fiction,35831,173
train,Fantasy-Science_Fiction,104044,385
train,Fantasy-Science_Fiction,239853,111
train,Fantasy-Science_Fiction,316001,261
train,Fantasy-Science_Fiction,103710,196
train,Fantasy-Science_Fiction,64687,672
train,Fantasy-Science_Fiction,73065,284
train,Fantasy-Science_Fiction,29420,330
train,Fantasy-Science_Fiction,208573,163
train,Fantasy-Science_Fiction,362271,280
train,Fantasy-Science_Fiction,63171,249
train,Fantasy-Science_Fiction,16398,152
train,Fantasy-Science_Fiction,229346,66
train,Fantasy-Horror-Mystery-Thriller,194156,351
train,Fantasy-Horror-Mystery-Thriller,13402,280
train,Fantasy-Horror-Mystery-Thriller,11618,316
train,Fantasy-Horror-Mystery-Thriller,84368,135
train,Fantasy-Horror-Mystery-Thriller,341191,305
train,Fantasy-Horror-Mystery-Thriller,422565,64
train,Fantasy-Horror-Mystery-Thriller,17111,338
train,Fantasy-Horror-Mystery-Thriller,451654,287
train,Fantasy-Horror-Mystery-Thriller,279972,198
train,Fantasy-Horror-Mystery-Thriller,408391,273
train,Fantasy-Horror-Mystery-Thriller,104369,314
train,Fantasy-Horror-Mystery-Thriller,11596,319
train,Fantasy-Horror-Mystery-Thriller,424349,192
train,Fantasy-Horror-Mystery-Thriller,322415,350
train,Fantasy-Horror-Mystery-Thriller,110901,346
train,Fantasy-Mystery-Science_Fiction-Thriller,81628,273
train,Fantasy-Mystery-Science_Fiction-Thriller,51365,214
train,Fantasy-Horror-Science_Fiction-TV_Movie,160697,524
train,Fantasy-Horror-Science_Fiction-TV_Movie,96367,32
train,Fantasy-Romance-Thriller,219343,304
train,Fantasy-Romance-Thriller,444957,202
train,Family-Mystery-Science_Fiction,134264,289
train,Family-Mystery-Science_Fiction,407313,183
train,Family-Fantasy-Romance,149832,126
train,Family-Fantasy-Romance,85628,264
train,Family-Fantasy-Romance,321612,329
train,Family-Music-Romance,245630,195
train,Family-Music-Romance,475631,221
train,Family-Music-Romance,48928,274
train,Family-Music-Romance,10028,257
train,Family-Music-Romance,49038,234
train,Fantasy-Romance,69510,311
train,Fantasy-Romance,197796,238
train,Fantasy-Romance,462632,129
train,Fantasy-Romance,301920,359
train,Fantasy-Romance,232194,322
train,Fantasy-Romance,217961,274
train,Fantasy-Romance,258935,326
train,Fantasy-Romance,266269,342
train,Fantasy-Romance,358159,202
train,Fantasy-Romance,460958,678
train,Fantasy-Romance,427875,231
train,Fantasy-Romance,41213,199
train,Fantasy-Romance,141901,298
train,Fantasy-Romance,254246,315
train,Fantasy-Romance,311082,137
train,Fantasy-Romance,200243,238
train,Fantasy-Romance,128246,128
train,Fantasy-Romance,266923,275
train,Fantasy-Romance,379925,233
train,Fantasy-Romance,205092,155
train,Fantasy-Romance,281308,255
train,Fantasy-Horror-Thriller-War,70386,237
train,Fantasy-Horror-Mystery-Science_Fiction,105012,160
train,Fantasy-Horror-Mystery-Science_Fiction,53567,326
train,Fantasy-History-Horror,108808,319
train,Fantasy-Mystery-Science_Fiction,252026,342
train,Fantasy-Mystery-Science_Fiction,440056,115
train,Family-Fantasy-TV_Movie,339543,221
train,Family-Fantasy-TV_Movie,151071,60
train,Family-Fantasy-TV_Movie,212706,141
train,Family-Fantasy-TV_Movie,299579,192
train,Family-Fantasy-TV_Movie,74352,93
train,Family-History-War,103801,240
train,Family-Fantasy-Thriller,201875,229
train,Fantasy-Horror-Mystery-Science_Fiction-Thriller,27244,282
train,Family-Mystery-Thriller,47458,289
train,Fantasy-Romance-TV_Movie,490881,371
train,Fantasy-Mystery-Romance,22292,475
train,Fantasy-Mystery-Romance,423062,203
train,Fantasy-Mystery-Romance,94653,369
train,Family-Music-TV_Movie,114955,233
train,Family-Music-TV_Movie,177888,264
train,Family-Music-TV_Movie,315411,62
train,Fantasy-Horror-War,384978,225
train,Fantasy-Horror-Romance-Thriller,39278,626
train,Fantasy-Horror-Science_Fiction,3074,250
train,Fantasy-Horror-Science_Fiction,92707,306
train,Fantasy-Horror-Science_Fiction,80640,153
train,Fantasy-Horror-Science_Fiction,5483,398
train,Fantasy-Horror-Science_Fiction,59095,287
train,Fantasy-Horror-Science_Fiction,26961,175
train,Fantasy-Horror-Science_Fiction,26894,195
train,Fantasy-Horror-Science_Fiction,177146,255
train,Fantasy-Horror-Science_Fiction,31276,277
train,Fantasy-Horror-Science_Fiction,489288,83
train,Fantasy-Horror-Science_Fiction,24126,238
train,Fantasy-Horror-Science_Fiction,262848,224
train,Fantasy-Horror-Science_Fiction,60159,182
train,Fantasy-Horror-Science_Fiction,37618,248
train,Fantasy-Horror-Science_Fiction,53442,362
train,Fantasy-Horror-Science_Fiction,318836,92
train,Fantasy-Horror-Science_Fiction,193461,193
train,Fantasy-Horror-Science_Fiction,86742,324
train,Fantasy-Horror-Science_Fiction,285067,570
train,Fantasy-Horror-Science_Fiction,43081,202
train,Fantasy-Horror-Science_Fiction,262091,294
train,Fantasy-Horror-Science_Fiction,94656,287
train,Fantasy-Horror-Science_Fiction,14510,137
train,Fantasy-Horror-Science_Fiction,235692,129
train,Fantasy-Horror-Science_Fiction,50037,298
train,Fantasy-Music-Mystery-Thriller,485841,360
train,Family-History,303021,204
train,Family-History,418680,330
train,Family-History,313456,180
train,Family-War,399976,77
train,Fantasy-Horror,292200,224
train,Fantasy-Horror,447395,209
train,Fantasy-Horror,476510,235
train,Fantasy-Horror,58218,80
train,Fantasy-Horror,47615,119
train,Fantasy-Horror,396120,127
train,Fantasy-Horror,374618,216
train,Fantasy-Horror,173041,148
train,Fantasy-Horror,108278,336
train,Fantasy-Horror,46146,270
train,Fantasy-Horror,40356,231
train,Fantasy-Horror,225666,180
train,Fantasy-Horror,12485,142
train,Fantasy-Horror,196655,412
train,Fantasy-Horror,82076,140
train,Fantasy-Horror,200098,240
train,Fantasy-Horror,15991,214
train,Fantasy-Horror,253400,234
train,Fantasy-Horror,444831,301
train,Fantasy-Horror,1483,365
train,Fantasy-Horror,187380,152
train,Fantasy-Horror,132843,301
train,Fantasy-Horror,130015,229
train,Fantasy-Horror,326536,281
train,Fantasy-Horror,44449,204
train,Fantasy-Horror,29909,336
train,Fantasy-Horror,285549,282
train,Fantasy-Horror,104262,110
train,Fantasy-Horror,352988,205
train,Fantasy-Horror,2269,389
train,Fantasy-Horror,242487,285
train,Fantasy-Horror,26515,222
train,Fantasy-Horror,106520,219
train,Fantasy-Horror,203039,120
train,Fantasy-Horror,201604,646
train,Fantasy-Horror,366095,220
train,Fantasy-Horror,98154,218
train,Fantasy-Horror,398445,321
train,Fantasy-Horror,464574,117
train,Fantasy-Horror,172135,325
train,Fantasy-Horror,143536,180
train,Fantasy-Horror,150396,390
train,Fantasy-Horror,321719,245
train,Fantasy-Horror,365836,168
train,Fantasy-Horror,117026,271
train,Fantasy-Horror,144837,120
train,Fantasy-Horror,106511,280
train,Fantasy-Horror,258422,228
train,Fantasy-Horror,11905,364
train,Fantasy-Horror,439448,354
train,Fantasy-Horror,125143,214
train,Fantasy-Horror,401403,270
train,Fantasy-Horror,195606,126
train,Fantasy-Horror,56242,169
train,Fantasy-Horror,418808,272
train,Fantasy-Horror,343929,208
train,Fantasy-Horror,106713,315
train,Fantasy-Horror,342727,288
train,Fantasy-Horror,421163,353
train,Fantasy-Horror,301655,262
train,Fantasy-Horror,419390,158
train,Fantasy-Horror,26042,166
train,Fantasy-Horror,3592,123
train,Fantasy-Horror,14145,272
train,Fantasy-Horror,269358,233
train,Fantasy-Horror,345801,240
train,Fantasy-Horror,76818,166
train,Fantasy-Horror,351236,383
train,Fantasy-Horror,345888,200
train,Fantasy-Horror,346560,209
train,Fantasy-Horror,41967,271
train,Fantasy-Horror,9092,215
train,Fantasy-Horror,97780,347
train,Fantasy-Horror,6917,218
train,Fantasy-Horror,74090,252
train,Fantasy-Horror,83101,90
train,Fantasy-Horror,316233,203
train,Fantasy-Horror,122317,268
train,Fantasy-Horror,89747,228
train,Fantasy-Horror,158752,119
train,Fantasy-Horror,415589,315
train,Fantasy-Horror,274880,356
train,Fantasy-Horror,403866,200
train,Fantasy-Horror,312831,208
train,Fantasy-Horror,303522,269
train,Fantasy-Horror,422934,189
train,Fantasy-Horror,337568,73
train,Fantasy-Horror,334394,333
train,Fantasy-Horror,238205,262
train,Fantasy-Horror,12594,148
train,Fantasy-Horror,112150,334
train,Fantasy-Horror,132815,300
train,Fantasy-Horror,342676,276
train,Fantasy-Horror,185975,278
train,Fantasy-Horror,438070,205
train,Fantasy-Horror,31244,80
train,Fantasy-Horror,488111,296
train,Fantasy-Horror,413840,112
train,Fantasy-Horror,303745,374
train,Fantasy-Horror,295375,19390
train,Fantasy-Horror,419894,339
train,Fantasy-Horror,260030,214
train,Fantasy-Horror,105746,328
train,Fantasy-Horror,477033,229
train,Fantasy-Horror,119984,242
train,Fantasy-Horror,29071,205
train,Fantasy-Horror,400342,262
train,Fantasy-Horror,143142,229
train,Fantasy-Horror,401405,137
train,Fantasy-Horror,107376,137
train,Fantasy-Horror,173744,205
train,Fantasy-Horror,331901,310
train,Fantasy-Horror,305392,190
train,Fantasy-Horror,28382,172
train,Fantasy-Horror,32023,269
train,Fantasy-Horror,339992,172
train,Fantasy-Horror,450987,265
train,Fantasy-Horror,418957,151
train,Fantasy-Horror,352594,139
train,Fantasy-Horror,57875,329
train,Fantasy-Horror,204727,307
train,Fantasy-Horror,371420,258
train,Fantasy-Horror,30400,346
train,Fantasy-Horror,391809,375
train,Fantasy-Horror,418935,331
train,Fantasy-Horror,653,216
train,Fantasy-Horror,104421,137
train,Fantasy-Horror,415586,248
train,Fantasy-Horror,292239,141
train,Fantasy-Horror,88486,199
train,Fantasy-Horror,448082,206
train,Fantasy-Horror,33061,328
train,Fantasy-Horror,106516,334
train,Fantasy-Horror,40342,378
train,Fantasy-Horror,443151,354
train,Fantasy-Horror,106534,350
train,Fantasy-Horror,40112,122
train,Fantasy-Horror,360693,270
train,Fantasy-Horror,457955,118
train,Fantasy-Horror,403587,346
train,Fantasy-Horror,316825,100
train,Fantasy-Horror,154303,303
train,Fantasy-Horror,83193,365
train,Fantasy-Horror,337558,230
train,Fantasy-Horror,268294,184
train,Fantasy-Horror,169479,229
train,Fantasy-Horror,413973,435
train,Fantasy-Horror,460082,314
train,Fantasy-Horror,211914,221
train,Fantasy-Horror,219606,240
train,Fantasy-Horror,137207,309
train,Fantasy-Horror,173454,235
train,Fantasy-Horror,298979,116
train,Fantasy-Horror,344901,180
train,Fantasy-Horror,452339,256
train,Fantasy-Horror,483256,259
train,Fantasy-Horror,24341,304
train,Fantasy-Horror,357106,320
train,Fantasy-Horror,444663,370
train,Fantasy-Horror,405882,253
train,Fantasy-Horror,31012,191
train,Fantasy-Horror,254532,297
train,Family-Fantasy-Science_Fiction-TV_Movie,68591,131
train,Fantasy-Music-Romance-War,130866,365
train,Family-Fantasy-Horror-Science_Fiction,114108,229
train,Family-Fantasy-Horror-Science_Fiction,71697,272
train,Family-Horror-Mystery-Thriller,23327,258
train,Family-Science_Fiction,137101,305
train,Family-Science_Fiction,57865,319
train,Family-Science_Fiction,348763,331
train,Family-Science_Fiction,206030,217
train,Family-Science_Fiction,120689,167
train,Family-Science_Fiction,189103,240
train,Family-Science_Fiction,84626,198
train,Family-Science_Fiction,264561,163
train,Family-Science_Fiction,99927,135
train,Family-Science_Fiction,77664,245
train,Family-Science_Fiction,468491,318
train,Family-Science_Fiction,345100,286
train,Family-Science_Fiction,169344,296
train,Family-Science_Fiction,68067,226
train,Fantasy-Horror-Romance-Science_Fiction,110530,260
train,Family-Mystery-Romance-TV_Movie,369052,76
train,Fantasy-Music-Romance,253033,248
train,Fantasy-Music-Romance,43498,355
train,Fantasy-Music-Romance,18283,211
train,Fantasy-Music-Romance,15668,267
train,Fantasy-Music-Romance,267205,166
train,Fantasy-Music-Romance,180048,354
train,Fantasy-Music-Romance,275525,68
train,Family-Horror-Mystery,250362,170
train,Family-Horror-Mystery,268716,202
train,Family-Thriller,355498,147
train,Family-Thriller,353764,125
train,Family-Thriller,353656,282
train,Family-Thriller,205035,167
train,Family-Thriller,466967,182
train,Family-Thriller,152357,94
train,Family-Thriller,42971,175
train,Family-Science_Fiction-TV_Movie,86205,240
train,Family-Fantasy-Horror-Thriller,28483,198
train,Fantasy-Mystery,381067,139
train,Fantasy-Mystery,64078,185
train,Fantasy-Mystery,36096,166
train,Fantasy-Mystery,94261,366
train,Fantasy-Mystery,406290,8916
train,Fantasy-Mystery,346123,191
train,Fantasy-Mystery,401664,314
train,Family-Horror,450647,259
train,Family-Horror,382012,168
train,Family-Horror,267570,200
train,Family-Horror,280670,249
train,Family-Horror,24100,290
train,Fantasy-Horror-Romance,376311,181
train,Fantasy-Horror-Romance,65141,238
train,Fantasy-Horror-Romance,297881,85
train,Fantasy-Horror-Romance,332393,287
train,Fantasy-Horror-Romance,464302,137
train,Fantasy-Horror-Romance,451287,365
train,Fantasy-Horror-Romance,43312,217
train,Fantasy-Horror-Romance,252864,324
train,Fantasy-Horror-Romance,318631,135
train,Fantasy-Horror-Romance,314405,164
train,Fantasy-Horror-Science_Fiction-Thriller,429713,181
train,Fantasy-Horror-Science_Fiction-Thriller,28790,230
train,Fantasy-Horror-Science_Fiction-Thriller,21970,235
train,Fantasy-Horror-Science_Fiction-Thriller,288516,302
train,Family-Fantasy-Mystery,337075,89
train,Fantasy-Music,13192,261
train,Fantasy-Music,218890,302
train,Fantasy-Music,411079,173
train,Fantasy-Music,60629,153
train,Fantasy-Music,353450,312
train,Fantasy-Music,368186,136
train,Fantasy-Music,88459,273
train,Fantasy-Music,455824,68
train,Fantasy-Music,225783,316
train,Fantasy-Music,427137,286
train,Fantasy-Music,210643,257
train,Fantasy-Music,241287,118
train,Fantasy-Music,330027,213
train,Fantasy-Music,339676,346
train,Fantasy-Music,305448,330
train,Fantasy-Music,299493,269
train,Fantasy-Music,259654,59
train,Fantasy-Horror-Mystery-TV_Movie,24643,208
train,Fantasy-Horror-Mystery-TV_Movie,17792,181
train,Fantasy-Romance-Science_Fiction,106649,150
train,Fantasy,456352,69
train,Fantasy,224751,284
train,Fantasy,462644,339
train,Fantasy,249693,224
train,Fantasy,188069,62
train,Fantasy,195292,112
train,Fantasy,467404,353
train,Fantasy,147990,366
train,Fantasy,40181,232
train,Fantasy,259040,192
train,Fantasy,12173,191
train,Fantasy,196376,349
train,Fantasy,471407,306
train,Fantasy,330392,178
train,Fantasy,404947,190
train,Fantasy,13334,223
train,Fantasy,479886,120
train,Fantasy,25805,298
train,Fantasy,350505,329
train,Fantasy,464761,152
train,Fantasy,386892,210
train,Fantasy,283848,228
train,Fantasy,193954,238
train,Fantasy,100428,78
train,Fantasy,249011,470
train,Fantasy,177548,238
train,Fantasy,303141,198
train,Fantasy,126488,202
train,Fantasy,89097,199
train,Fantasy,195311,138
train,Fantasy,128359,371
train,Fantasy,454597,253
train,Fantasy,126825,221
train,Fantasy,361026,202
train,Fantasy,445884,354
train,Fantasy,11639,174
train,Fantasy,238537,180
train,Fantasy,215128,92
train,Fantasy,99494,193
train,Fantasy,390004,236
train,Fantasy,396573,285
train,Fantasy,472692,250
train,Fantasy,368242,114
train,Fantasy,349863,231
train,Fantasy,240925,124
train,Fantasy,326522,130
train,Fantasy,285806,62
train,Fantasy,419833,278
train,Fantasy,278276,323
train,Fantasy,482655,103
train,Fantasy,172126,202
train,Fantasy,311679,256
train,Fantasy,276584,381
train,Fantasy,10376,300
train,Fantasy,106806,304
train,Fantasy,58433,248
train,Fantasy,49143,61
train,Fantasy,404744,303
train,Fantasy,298340,339
train,Fantasy,338497,89
train,Fantasy,284217,163
train,Fantasy,261700,285
train,Fantasy,429589,240
train,Fantasy,232717,357
train,Fantasy,476903,510
train,Fantasy,74953,227
train,Fantasy,344973,155
train,Fantasy,196605,247
train,Fantasy,150630,170
train,Fantasy,352640,247
train,Fantasy,451342,181
train,Fantasy,409531,289
train,Fantasy,336149,238
train,Fantasy,205256,163
train,Fantasy,414484,297
train,Fantasy,24030,148
train,Fantasy,290194,88
train,Fantasy,89968,126
train,Fantasy,107437,87
train,Fantasy,444952,222
train,Fantasy,196634,232
train,Fantasy,282307,316
train,Fantasy,217030,318
train,Fantasy,268399,234
train,Fantasy,466164,383
train,Fantasy,452683,348
train,Fantasy,285638,317
train,Fantasy,491166,275
train,Fantasy,147554,118
train,Fantasy,390541,130
train,Fantasy,474472,263
train,Fantasy,196127,104
train,Fantasy,214634,253
train,Fantasy,322760,210
train,Fantasy,8840,239
train,Fantasy,269036,283
train,Fantasy,464334,302
train,Fantasy,232709,146
train,Fantasy,261250,307
train,Fantasy,19759,234
train,Fantasy,227859,350
train,Fantasy,106665,122
train,Fantasy,352897,201
train,Fantasy,58430,130
train,Fantasy,49272,288
train,Fantasy,184258,258
train,Fantasy,398875,201
train,Fantasy,488451,83
train,Fantasy,411214,352
train,Fantasy,172113,128
train,Fantasy,45494,274
train,Fantasy,14488,155
train,Fantasy,192104,278
train,Fantasy,328651,131
train,Fantasy,60932,308
train,Fantasy,450105,303
train,Fantasy,260279,295
train,Fantasy,356418,274
train,Fantasy,205922,109
train,Fantasy,248906,118
train,Fantasy,478258,298
train,Fantasy,378148,134
train,Fantasy,205238,171
train,Fantasy,266466,291
train,Fantasy,46787,305
train,Fantasy,353103,331
train,Fantasy,104318,295
train,Fantasy,468446,271
train,Fantasy,364365,309
train,Fantasy,463699,200
train,Fantasy,44333,234
train,Fantasy,453719,99
train,Fantasy,352630,299
train,Fantasy,33257,142
train,Fantasy,456243,351
train,Fantasy,215785,155
train,Fantasy,487233,304
train,Fantasy,361974,174
train,Fantasy,27477,176
train,Fantasy,449373,144
train,Fantasy,80212,391
train,Fantasy,358970,175
train,Fantasy,83339,235
train,Fantasy,317128,259
train,Fantasy,353692,257
train,Fantasy,78085,354
train,Fantasy,205241,256
train,Fantasy,377035,344
train,Fantasy,92645,73
train,Fantasy,202192,249
train,Fantasy,469098,212
train,Fantasy,289378,304
train,Fantasy,371658,307
train,Fantasy,41278,1070
train,Fantasy,183520,399
train,Fantasy,483708,70
train,Fantasy,336296,332
train,Fantasy,432997,143
train,Fantasy,195538,285
train,Fantasy,27793,155
train,Fantasy,311154,332
train,Fantasy,355872,309
train,Fantasy,104689,604
train,Fantasy,106441,146
train,Fantasy,209731,326
train,Fantasy,333411,166
train,Fantasy,164233,1337
train,Fantasy,361202,220
train,Fantasy,445088,307
train,Fantasy,372658,153
train,Fantasy,483390,939
train,Fantasy,23987,325
train,Fantasy,27243,145
train,Fantasy,280323,216
train,Fantasy,360175,322
train,Fantasy,95475,237
train,Fantasy,438959,143
train,Fantasy,104706,128
train,Fantasy,476654,228
train,Fantasy,428791,184
train,Fantasy,112623,167
train,Fantasy,349117,351
train,Fantasy,85874,269
train,Fantasy,448929,64
train,Fantasy,379281,342
train,Fantasy,59075,227
train,Fantasy,315201,60
train,Fantasy,464911,176
train,Fantasy,448317,187
train,Fantasy,476514,254
train,Fantasy,261702,336
train,Fantasy,72109,192
train,Fantasy,23739,338
train,Fantasy,344518,161
train,Fantasy,195601,363
train,Fantasy,215822,79
train,Fantasy,399308,62
train,Fantasy,106571,333
train,Fantasy,328032,183
train,Fantasy,283114,227
train,Fantasy,116206,174
train,Fantasy,474385,229
train,Fantasy,232575,371
train,Fantasy,350941,133
train,Fantasy,472759,326
train,Fantasy,327146,75
train,Fantasy,387405,280
train,Fantasy,429582,255
train,Fantasy,232723,148
train,Fantasy,449113,255
train,Fantasy,421050,325
train,Fantasy,459045,157
train,Fantasy,87697,85
train,Fantasy,48395,233
train,Fantasy,409177,353
train,Fantasy,270717,190
train,Fantasy,192282,93
train,Fantasy,63986,389
train,Fantasy,248900,237
train,Fantasy,253067,227
train,Fantasy,104476,246
train,Family-Fantasy-Horror,75862,165
train,Family-Fantasy-Horror,58664,148
train,Family-Fantasy-Horror,21935,164
train,Family-Fantasy-Horror,289239,157
train,Fantasy-Horror-Mystery,297190,129
train,Fantasy-Horror-Mystery,147278,246
train,Fantasy-Horror-Mystery,332940,284
train,Fantasy-Horror-Mystery,379058,256
train,Fantasy-Horror-Mystery,449160,352
train,Fantasy-Horror-Mystery,238544,117
train,Fantasy-Horror-Mystery,356527,235
train,Fantasy-Horror-Mystery,172654,215
train,Fantasy-Horror-Mystery,224630,96
train,Fantasy-Horror-Mystery,299740,75
train,Fantasy-Horror-Mystery,19236,261
train,Fantasy-Horror-Mystery,46025,168
train,Fantasy-Horror-Mystery,416303,237
train,Fantasy-Horror-Mystery,425378,250
train,Fantasy-Horror-Mystery,405113,181
train,Fantasy-Horror-Mystery,343517,209
train,Fantasy-Horror-Mystery,416545,211
train,Fantasy-Horror-Mystery,334715,74
train,Fantasy-Horror-Mystery,297297,199
train,Fantasy-Science_Fiction-War,28524,191
train,Fantasy-Science_Fiction-War,126077,295
train,Family-Mystery-TV_Movie,60869,122
train,Family-Mystery-TV_Movie,410284,223
train,Family-Mystery-TV_Movie,348630,74
train,Fantasy-Science_Fiction-TV_Movie,389437,64
train,Fantasy-Science_Fiction-TV_Movie,56030,349
train,Fantasy-Horror-Music-Thriller,280272,297
train,Family-Romance,299588,74
train,Family-Romance,82378,197
train,Family-Romance,403843,348
train,Family-Romance,132165,276
train,Family-Romance,67589,262
train,Family-Romance,429425,253
train,Family-Romance,85887,64
train,Family-Romance,245289,244
train,Family-Romance,64661,319
train,Family-Romance,463477,99
train,Family-Romance,404591,283
train,Family-Romance,457479,167
train,Family-Romance,403330,256
train,Family-Romance,95264,276
train,Family-Romance,69635,249
train,Family-Romance,67781,354
train,Family-Romance,96019,247
train,Family-Romance,75702,160
train,Family-Romance,27902,298
train,Family-Romance,466180,223
train,Family-Romance,64765,159
train,Family-Romance,74180,236
train,Family-Romance,68943,82
train,Family-Romance,61373,147
train,Family-Romance,251630,318
train,Family-Romance,256520,321
train,Family-Romance,80826,506
train,Family-Romance,238304,64
train,Fantasy-History-Romance,46694,279
train,Family-TV_Movie,120055,61
train,Family-TV_Movie,370071,176
train,Family-TV_Movie,367540,348
train,Family-TV_Movie,81428,261
train,Family-TV_Movie,259053,251
train,Family-TV_Movie,363478,250
train,Family-TV_Movie,366243,144
train,Family-TV_Movie,348898,286
train,Family-TV_Movie,80727,95
train,Family-TV_Movie,251254,290
train,Family-TV_Movie,374075,305
train,Family-TV_Movie,363483,203
train,Family-TV_Movie,338485,139
train,Family-TV_Movie,308686,74
train,Family-TV_Movie,81416,64
train,Family-TV_Movie,50742,445
train,Family-TV_Movie,116412,260
train,Family-TV_Movie,441361,298
train,Family-TV_Movie,141976,65
train,Family-TV_Movie,315374,105
train,Family-TV_Movie,223590,159
train,Family-TV_Movie,234951,64
train,Family-TV_Movie,109753,64
train,Family-TV_Movie,363484,60
train,Family-TV_Movie,44418,96
train,Family-TV_Movie,412469,320
train,Family-TV_Movie,215350,173
train,Family-TV_Movie,362883,166
train,Fantasy-Mystery-Romance-Thriller,40737,277
train,Family-Fantasy,64038,240
train,Family-Fantasy,127239,289
train,Family-Fantasy,300695,223
train,Family-Fantasy,13102,407
train,Family-Fantasy,28367,338
train,Family-Fantasy,290797,305
train,Family-Fantasy,315397,67
train,Family-Fantasy,16523,254
train,Family-Fantasy,79720,66
train,Family-Fantasy,161111,326
train,Family-Fantasy,196396,337
train,Family-Fantasy,223217,418
train,Family-Fantasy,72200,100
train,Family-Fantasy,146813,330
train,Family-Fantasy,83053,97
train,Family-Fantasy,449619,253
train,Family-Fantasy,365851,283
train,Family-Fantasy,110433,269
train,Family-Fantasy,64923,279
train,Family-Fantasy,51604,222
train,Family-Fantasy,56037,249
train,Family-Fantasy,295321,118
train,Family-Fantasy,272603,151
train,Family-Fantasy,316792,104
train,Family-Fantasy,329871,274
train,Family-Fantasy,241259,302
train,Family-Fantasy,316840,310
train,Family-Fantasy,144712,64
train,Family-Fantasy,141879,202
train,Family-Fantasy,306260,175
train,Family-Fantasy,191308,225
train,Family-Fantasy,148613,135
train,Family-Fantasy,71342,269
train,Family-Fantasy,210098,231
train,Family-Fantasy,85208,85
train,Family-Fantasy,274199,223
train,Family-Fantasy,237710,220
train,Family-Fantasy,372657,487
train,Family-Fantasy,152912,176
train,Family-Fantasy,250919,109
train,Family-Fantasy,149235,60
train,Family-Fantasy,110227,197
train,Family-Fantasy,253363,310
train,Family-Fantasy,203880,195
train,Family-Fantasy,41362,353
train,Family-Fantasy,322796,314
train,Family-Fantasy,353600,209
train,Family-Fantasy,72984,285
train,Family-Fantasy,71026,143
train,Family-Fantasy,177081,277
train,Family-Fantasy,30923,200
train,Family-Fantasy,182532,186
train,Family-Fantasy,439234,202
train,Family-Fantasy,240772,74
train,Family-Fantasy,374793,213
train,Family-Fantasy,313654,73
train,Family-Fantasy,160194,212
train,Family-Fantasy,189595,183
train,Family-Fantasy,150219,256
train,Family-Fantasy,12495,346
train,Family-Fantasy,405079,111
train,Family-Fantasy,306737,317
train,Family-Fantasy,29180,275
train,Family-Fantasy,21276,172
train,Family-Fantasy,449618,183
train,Family-Fantasy,151478,257
train,Family-Fantasy,235044,276
train,Family-Fantasy,94352,195
train,Family-Fantasy,66457,219
train,Family-Fantasy,319656,236
train,Family-Fantasy,14495,385
train,Family-Fantasy,472110,201
train,Family-Fantasy,425722,154
train,Family-Fantasy,313750,323
train,Family-Fantasy,376731,268
train,Family-Fantasy,13302,219
train,Family-Fantasy,50774,214
train,Family-Fantasy,150792,195
train,Family-Fantasy,80074,129
train,Family-Fantasy,279148,256
train,Family-Fantasy,72201,314
train,Family-Fantasy,218267,237
train,Family-Fantasy,64763,193
train,Family-Fantasy,66086,290
train,Family-Fantasy,255708,418
train,Family-Fantasy,488434,96
train,Family-Fantasy,146712,277
train,Family-Fantasy,54333,171
train,Family-Fantasy,71666,191
train,Family-Fantasy,13294,61
train,Family-Fantasy,47509,252
train,Family-Fantasy,329873,238
train,Family-Fantasy,478700,328
train,Family-Fantasy,428557,278
train,Family-Fantasy,254557,246
train,Family-Fantasy,300789,306
train,Family-Fantasy,44303,110
train,Family-Fantasy,206669,133
train,Family-Fantasy,256379,358
train,Family-Fantasy,376043,253
train,Family-Fantasy,345597,350
train,Family-Fantasy,265853,243
train,Family-Fantasy,72968,136
train,Family-Fantasy,248679,243
train,Family-Fantasy,135092,152
train,Family-Fantasy,295304,164
train,Family-Fantasy,20935,415
train,Fantasy-Music-TV_Movie,257253,144
train,Family-Fantasy-Horror-TV_Movie-Thriller,426797,199
train,Family-Music,75141,256
train,Family-Music,114680,61
train,Family-Music,262167,325
train,Family-Music,95023,259
train,Family-Music,341949,60
train,Family-Music,287079,331
train,Family-Music,46843,151
train,Family-Music,340527,93
train,Family-Music,159867,348
train,Family-Music,239617,124
train,Family-Music,72252,208
train,Family-Music,13877,296
train,Family-Music,145814,124
train,Family-Music,35981,139
train,Family-Music,333952,247
train,Family-Music,414969,239
train,Family-Music,51058,82
train,Family-Music,265539,242
train,Family-Music,57574,206
train,Family-Music,218968,233
train,Family-Music,175301,124
train,Family-Music,361561,198
train,Family-Music,69265,138
train,Family-Music,80262,62
train,Family-Music,37785,201
train,Family-Music,293541,409
train,Family-Music,432322,297
train,Family-Music,313944,159
train,Family-Music,31882,204
train,Family-Music,86857,252
train,Family-Music,37508,321
train,Family-Music,107733,70
train,Family-Music,241626,233
train,Family-Music,106127,348
train,Family-Music,31883,69
train,Family-Music,70621,83
train,Family-Music,432442,116
train,Family-Music,193156,174
train,Family-Music,257337,339
train,Family-Music,21780,185
train,Family-Music,265542,363
train,Family-Music,37150,447
train,Family-Music,21275,185
train,Family-Music,43158,129
train,Family-Music,299859,313
train,Family-Music,428825,359
train,Family-Music,69273,141
train,Family-Music,202853,271
train,Family-Music,406054,329
train,Family-Music,287080,216
train,Family-Music,302403,214
train,Family-Music,267597,92
train,Family-Music,74582,62
train,Family-Music,293556,154
train,Family-Music,293551,61
train,Family-Music,69269,367
train,Family-Music,285846,227
train,Family-Music,431776,62
train,Family-Music,338865,245
train,Family-Music,20974,124
train,Family-Music,451856,385
train,Family-Music,41052,128
train,Family-Music,462189,62
train,Family-Music,290970,64
train,Fantasy-Horror-Music-Science_Fiction,178122,314
train,Fantasy-Horror-TV_Movie,108788,268
train,Family-Fantasy-Science_Fiction,79579,65
train,Family-Fantasy-Science_Fiction,97054,289
train,Family-Fantasy-Science_Fiction,107866,130
train,Family-Fantasy-Science_Fiction,210305,116
train,Family-Fantasy-Science_Fiction,36259,236
train,Family-Fantasy-Science_Fiction,43581,102
train,Family-Fantasy-Science_Fiction,65253,224
train,Family-Fantasy-Science_Fiction,484676,268
train,Family-Fantasy-Science_Fiction,35177,203
train,Family-Fantasy-Science_Fiction,487047,170
train,Family-Fantasy-Science_Fiction,81379,227
train,Family-Fantasy-Science_Fiction,83811,216
train,Family-Fantasy-Science_Fiction,82430,320
train,Family-Fantasy-Science_Fiction,20196,350
train,Family-Fantasy-Science_Fiction,123187,179
train,Family-Fantasy-Science_Fiction,367607,379
train,Family-Fantasy-Science_Fiction,117160,140
train,Family-Fantasy-Science_Fiction,43408,311
train,Family-Fantasy-Science_Fiction,72853,372
train,Family-Fantasy-Science_Fiction,35109,334
train,Fantasy-Mystery-Thriller,16140,133
train,Fantasy-Mystery-Thriller,388440,311
train,Fantasy-Mystery-Thriller,326420,270
train,Fantasy-Mystery-Thriller,62664,277
train,Fantasy-Mystery-Thriller,364862,260
train,Fantasy-Mystery-Thriller,337013,191
train,Fantasy-Mystery-Thriller,294795,273
train,Fantasy-Mystery-Thriller,24808,381
train,Family-Mystery,343901,252
train,Family-Mystery,53181,133
train,Family-Mystery,218238,253
train,Family-Mystery,77945,271
train,Family-Mystery,431377,115
train,Family-Mystery,247370,205
train,Family-Mystery,102383,183
train,Family-Fantasy-Music,34461,240
train,Family-Fantasy-Music,33743,334
train,Family-Fantasy-Music,252,128
train,Family-Fantasy-Music,396842,340
train,Family-Fantasy-Music,90582,157
train,Family-Fantasy-Music,19330,376
train,Family-Fantasy-Music,150535,199
train,Family-Fantasy-Music,71316,235
train,Family-Fantasy-Music,250407,140
train,Family-Fantasy-Music,73191,149
train,Family-Fantasy-Horror-TV_Movie,48186,119
train,Fantasy-Thriller,417049,250
train,Fantasy-Thriller,422621,95
train,Fantasy-Thriller,60866,131
train,Fantasy-Thriller,70075,236
train,Fantasy-Thriller,206129,110
train,Fantasy-Thriller,204904,274
train,Fantasy-Thriller,262053,333
train,Fantasy-Thriller,167810,316
train,Fantasy-Thriller,442308,237
train,Fantasy-Thriller,404523,325
train,Fantasy-Thriller,99019,99
train,Fantasy-Thriller,379300,220
train,Family-Fantasy-Music-Romance-TV_Movie,42884,65
train,Family-Fantasy-Music-Science_Fiction,67058,258
train,Family-Fantasy-Music-Science_Fiction,37627,311
train,Fantasy-TV_Movie,318751,356
train,Family-Fantasy-Romance-TV_Movie,266115,332
train,Family-Fantasy-Romance-TV_Movie,240911,266
train,Fantasy-Horror-Thriller,52021,265
train,Fantasy-Horror-Thriller,31629,710
train,Fantasy-Horror-Thriller,11980,149
train,Fantasy-Horror-Thriller,20981,342
train,Fantasy-Horror-Thriller,18547,223
train,Fantasy-Horror-Thriller,47408,232
train,Fantasy-Horror-Thriller,10836,354
train,Fantasy-Horror-Thriller,33988,205
train,Fantasy-Horror-Thriller,49730,164
train,Fantasy-Horror-Thriller,9011,100
train,Fantasy-Horror-Thriller,299138,231
train,Fantasy-Horror-Thriller,398765,141
train,Fantasy-Horror-Thriller,422047,360
train,Fantasy-Horror-Thriller,11482,130
train,Fantasy-Horror-Thriller,421490,157
train,Fantasy-Horror-Thriller,450598,206
train,Fantasy-Horror-Thriller,76461,312
train,Fantasy-Horror-Thriller,349200,292
train,Fantasy-Horror-Thriller,151188,157
train,Fantasy-Horror-Thriller,9033,333
train,Fantasy-Horror-Thriller,336871,95
train,Fantasy-Horror-Thriller,56382,289
train,Fantasy-Horror-Thriller,80238,288
train,Fantasy-Horror-Thriller,479390,147
train,Fantasy-Horror-Thriller,28529,215
train,Fantasy-Horror-Thriller,72244,141
train,Fantasy-Horror-Thriller,139761,365
train,Fantasy-Horror-Thriller,336598,319
train,Fantasy-Horror-Thriller,71511,315
train,Fantasy-Horror-Thriller,385926,327
train,Fantasy-Horror-Thriller,71902,328
train,Fantasy-Horror-Thriller,113645,202
train,Fantasy-Horror-Thriller,160794,119
train,Fantasy-Horror-Thriller,274223,247
train,Fantasy-Horror-Thriller,407344,284
train,Fantasy-Horror-Thriller,71031,303
train,Fantasy-Horror-Thriller,254007,226
train,Fantasy-Horror-Thriller,47655,276
train,Fantasy-Horror-Thriller,263986,295
train,Fantasy-Horror-Thriller,46261,242
train,Fantasy-Horror-Thriller,4961,293
train,Fantasy-Horror-Thriller,349067,251
train,Fantasy-Horror-Thriller,402160,587
train,Fantasy-Horror-Thriller,78071,264
train,Fantasy-Horror-Thriller,131689,159
test,Family-Horror-Thriller,117414,151
test,Family-Mystery-Romance-Thriller,42795,255
test,Family,117524,384
test,Family,81266,124
test,Family,30576,92
test,Family,340654,67
test,Family,84379,153
test,Family,128591,273
test,Family,458388,100
test,Family,392153,281
test,Family,78811,197
test,Family,64094,214
test,Family,120464,162
test,Family,286488,290
test,Family,313882,147
test,Family,54540,264
test,Family,278227,204
test,Family,347789,391
test,Family,27599,280
test,Family,110558,168
test,Family,444268,308
test,Family,370959,200
test,Family,305684,343
test,Family,257913,152
test,Family,437606,215
test,Family,399329,350
test,Family,416923,230
test,Family,383560,218
test,Family,85216,245
test,Family,81828,138
test,Family,15242,370
test,Family,399598,83
test,Family,249146,247
test,Family,72977,76
test,Family,394119,366
test,Family,462559,148
test,Family,300405,167
test,Family,79936,65
test,Family,323950,199
test,Family,313007,446
test,Family,82874,62
test,Family,136074,248
test,Family,208682,62
test,Family,457309,254
test,Family,469468,189
test,Family,422623,338
test,Family,399992,146
test,Family,321048,281
test,Family,359740,316
test,Family,427561,202
test,Family,378247,224
test,Family,291588,248
test,Family,329516,117
test,Family,79191,242
test,Family,340505,96
test,Family,191842,131
test,Family,278035,457
test,Family,459708,203
test,Family,279174,351
test,Family,151640,160
test,Family,347903,137
test,Family,54738,119
test,Family,399543,119
test,Family,417375,328
test,Family,128542,154
test,Family,157925,202
test,Family,324418,143
test,Family,48724,250
test,Family,103630,232
test,Family,85866,212
test,Family,330983,59
test,Family,372199,109
test,Family,458980,251
test,Family,247622,276
test,Family,286863,119
test,Family,36153,316
test,Family,344721,314
test,Family,297333,349
test,Family,341378,127
test,Family,331464,185
test,Family,58046,298
test,Family,365132,254
test,Family,332880,184
test,Family,136036,207
test,Family,111677,243
test,Family,333034,67
test,Family,158265,241
test,Family,50643,62
test,Family,17132,264
test,Family,49385,291
test,Family,372664,309
test,Family,171311,130
test,Family,319045,73
test,Family,370390,327
test,Family,103660,291
test,Family,117568,284
test,Family,53054,203
test,Family,338100,226
test,Family,145018,185
test,Family,83023,200
test,Family,452959,301
test,Family,292433,142
test,Family,280377,454
test,Family,347902,83
test,Family,257180,64
test,Family,286481,312
test,Family,426674,140
test,Family,80724,312
test,Family,277969,295
test,Family,369948,224
test,Family,340522,157
test,Family,448820,179
test,Family,399707,335
test,Family,209022,311
test,Family,80501,136
test,Family,329514,375
test,Family,123700,256
test,Family,199342,67
test,Family,460585,187
test,Family,476792,224
test,Family,67357,113
test,Family,272065,152
test,Family,163922,364
test,Family,439062,80
test,Family,485150,291
test,Family,340510,134
test,Family,217749,224
test,Family,38578,296
test,Family,278422,197
test,Family,100155,271
test,Family,318312,133
test,Family,314776,220
test,Family,28827,132
test,Family,296881,308
test,Family,57517,355
test,Family,65307,291
test,Family,62268,387
test,Family,456848,250
test,Family,429577,244
test,Family,340525,63
test,Family,454880,233
test,Family,338072,183
test,Family,72864,328
test,Family,403886,362
test,Family,213826,280
test,Family,321411,205
test,Family,390813,135
test,Family,225676,124
test,Family,120077,289
test,Family,112115,343
test,Family,27668,188
test,Family,64008,204
test,Family,294126,64
test,Family,320924,274
test,Family,139472,158
test,Family,127181,68
test,Family,297790,175
test,Family,64029,187
test,Family,379573,279
test,Family,427100,169
test,Family,60382,93
test,Family,440913,212
test,Family,348794,133
test,Family,343678,425
test,Family,280792,297
test,Family,13881,260
test,Family,32651,175
test,Family,310008,149
test,Family,483579,253
test,Family,485834,267
test,Family,285875,337
test,Family,471724,296
test,Family,79737,64
test,Family,324656,350
test,Family,308150,124
test,Family,56111,204
test,Family,96101,279
test,Family,273319,278
test,Family,43301,249
test,Family,264261,167
test,Family,399978,298
test,Family,136411,187
test,Family,106629,251
test,Family,145511,109
test,Family,110847,343
test,Family,340530,83
test,Family,398725,250
test,Family,30555,286
test,Family,278818,170
test,Family,402542,155
test,Family,449775,313
test,Family,489298,204
test,Family,247172,190
test,Family,141068,188
test,Family,248120,374
test,Family,36455,362
test,Family,428058,254
test,Family,66333,107
test,Family,369054,234
test,Family,45630,219
test,Family,256075,267
test,Family,212510,231
test,Family,114610,357
test,Family,329373,189
test,Family,230244,347
test,Family,284150,314
test,Family,126786,339
test,Family,292444,202
test,Family,307633,250
test,Family,165147,300
test,Family,208684,329
test,Family,382105,113
test,Family,399998,280
test,Family,58839,251
test,Family,485978,130
test,Family,275558,335
test,Family,240322,242
test,Family,266039,344
test,Family,484737,167
test,Family,324658,142
test,Family,315692,383
test,Family,433910,152
test,Family,323043,290
test,Family,260306,290
test,Family,100065,81
test,Family,21394,186
test,Family,442848,157
test,Family,92138,187
test,Family,247453,1366
test,Family,323236,369
test,Family,458812,285
test,Family,124448,204
test,Family,261210,434
test,Family,123318,222
test,Family,362732,227
test,Family,74905,277
test,Family,57789,150
test,Family,36546,170
test,Family,399607,330
test,Family,155580,296
test,Family,11626,68
test,Family,16341,85
test,Family,380707,198
test,Family,49731,131
test,Family,379712,292
test,Family,284160,248
test,Family,113108,287
test,Family,27979,227
test,Family,28651,219
test,Family,299856,309
test,Family,25443,198
test,Family,127432,191
test,Family,75765,229
test,Family,60390,187
test,Family,246424,320
test,Family,325088,214
test,Family,253929,472
test,Family,293324,141
test,Family,134825,343
test,Family,340512,104
test,Family,286168,259
test,Family,399512,191
test,Family,218703,124
test,Family,225313,215
test,Family,322992,276
test,Family,285862,352
test,Family,187924,326
test,Family,372916,126
test,Family,340562,135
test,Family,380710,211
test,Family,390884,179
test,Family,77267,262
test,Family,310200,125
test,Family,348087,174
test,Family,490703,236
test,Family,38802,285
test,Family,21264,148
test,Family,295429,122
test,Family,85497,355
test,Family,394703,173
test,Family,371070,74
test,Family,285208,220
test,Family,322991,270
test,Family,341620,146
test,Family,46064,203
test,Family,279363,535
test,Family,208816,117
test,Family,62073,231
test,Family,123230,64
test,Family,445819,101
test,Family,185404,199
test,Family,340523,147
test,Family,427865,259
test,Family,464920,372
test,Family,321129,210
test,Family,325791,201
test,Family,14612,128
test,Family,57505,146
test,Family,431059,347
test,Family,69940,266
test,Family,399571,321
test,Family,28610,243
test,Family,324838,98
test,Family,257612,157
test,Family,322997,183
test,Family,40750,177
test,Family,313093,322
test,Family,323193,234
test,Family,46091,335
test,Family,81064,577
test,Family,120494,74
test,Family,370199,161
test,Family,374468,212
test,Family,30173,115
test,Family,341435,274
test,Family,354876,285
test,Family,396248,62
test,Family,13882,248
test,Family,181894,223
test,Family,106551,212
test,Family,14059,278
test,Family,355384,228
test,Family,342635,102
test,Family,324649,297
test,Family,279473,509
test,Family,432620,78
test,Family,118477,113
test,Family,406614,183
test,Family,82623,356
test,Family,87038,242
test,Family,324653,170
test,Family,394674,271
test,Family,251547,142
test,Family,127661,299
test,Family,58632,119
test,Family,252679,72
test,Family,36580,121
test,Family,283365,124
test,Family,128791,64
test,Family,490499,330
test,Family,79861,290
test,Family,303961,143
test,Family,144433,360
test,Family,303050,359
test,Family,324776,120
test,Family,297592,136
test,Family,25455,176
test,Family,172918,486
test,Family,300053,277
test,Family,146650,220
test,Family,13862,59
test,Family,324828,175
test,Family,294128,86
test,Family,279293,430
test,Family,461361,314
test,Family,191322,177
test,Family,16112,270
test,Family,484646,193
test,Family,358971,254
test,Family,298539,206
test,Family,136861,199
test,Family,437331,272
test,Family,310822,333
test,Family,379532,456
test,Family,375139,128
test,Family,272064,325
test,Family,279310,99
test,Family,261110,111
test,Family,417448,369
test,Family,435606,235
test,Family,142402,243
test,Family,283441,308
test,Family,343481,239
test,Family,279508,320
test,Family,99384,1183
test,Family,322967,154
test,Family,134345,69
test,Family,167479,64
test,Family,239018,128
test,Family,56650,58
test,Fantasy-History,485919,150
test,Family-Romance-TV_Movie,299582,74
test,Fantasy-Science_Fiction-Thriller,3030,160
test,Fantasy-Science_Fiction-Thriller,39410,275
test,Fantasy-Science_Fiction-Thriller,16356,243
test,Fantasy-Science_Fiction-Thriller,301729,261
test,Fantasy-Science_Fiction,165683,198
test,Fantasy-Science_Fiction,109755,287
test,Fantasy-Science_Fiction,391879,88
test,Fantasy-Science_Fiction,392118,239
test,Fantasy-Science_Fiction,286328,311
test,Fantasy-Science_Fiction,268840,310
test,Fantasy-Science_Fiction,486416,171
test,Fantasy-Science_Fiction,3474,64
test,Fantasy-Science_Fiction,41370,254
test,Fantasy-Science_Fiction,399333,125
test,Fantasy-Science_Fiction,344210,227
test,Fantasy-Science_Fiction,59229,188
test,Fantasy-Science_Fiction,62692,87
test,Fantasy-Science_Fiction,63955,255
test,Fantasy-Science_Fiction,264095,64
test,Fantasy-Science_Fiction,296883,218
test,Fantasy-Horror-Mystery-Thriller,71373,205
test,Fantasy-Horror-Mystery-Thriller,123362,238
test,Fantasy-Horror-Mystery-Thriller,351460,278
test,Fantasy-Horror-Mystery-Thriller,229154,265
test,Fantasy-Horror-Mystery-Thriller,11082,157
test,Family-Horror-TV_Movie,361943,319
test,Fantasy-Romance-Thriller,95174,242
test,Fantasy-Romance-Thriller,412197,212
test,Fantasy-Romance-Thriller,99444,254
test,Family-Fantasy-Romance,14489,219
test,Family-Fantasy-Romance,74873,373
test,Family-Fantasy-Romance,418876,168
test,Family-Music-Romance,294861,324
test,Family-Music-Romance,16618,338
test,Fantasy-Romance,256838,390
test,Fantasy-Romance,344645,352
test,Fantasy-Romance,194059,179
test,Fantasy-Romance,85336,85
test,Fantasy-Romance,465935,129
test,Fantasy-Romance,104211,302
test,Fantasy-Romance,366489,230
test,Fantasy-Romance,430659,65
test,Fantasy-Romance,265424,324
test,Fantasy-Romance,94895,228
test,Fantasy-Romance,338729,217
test,Fantasy-Romance,193923,156
test,Fantasy-Horror-Mystery-Science_Fiction,277514,272
test,Fantasy-Mystery-Science_Fiction,255819,331
test,Fantasy-Mystery-Science_Fiction,424310,120
test,Family-Fantasy-TV_Movie,209346,210
test,Family-Fantasy-TV_Movie,163485,154
test,Family-Fantasy-TV_Movie,148656,64
test,Fantasy-Horror-Science_Fiction,29468,289
test,Fantasy-Horror-Science_Fiction,189409,126
test,Fantasy-Horror-Science_Fiction,259464,370
test,Fantasy-Horror-Science_Fiction,45959,262
test,Fantasy-Horror-Science_Fiction,42917,170
test,Fantasy-Horror-Science_Fiction,221737,134
test,Fantasy-Horror-Science_Fiction,9306,243
test,Fantasy-Horror-Science_Fiction,356444,194
test,Fantasy-Horror-Science_Fiction,31647,10696
test,Fantasy-Horror-Science_Fiction,14237,241
test,Fantasy-Horror-Science_Fiction,70740,187
test,Fantasy-Horror-Science_Fiction,430938,181
test,Family-History,225935,614
test,Fantasy-Horror,331075,212
test,Fantasy-Horror,415563,346
test,Fantasy-Horror,135893,102
test,Fantasy-Horror,348063,329
test,Fantasy-Horror,76935,369
test,Fantasy-Horror,419624,247
test,Fantasy-Horror,447722,119
test,Fantasy-Horror,2972,309
test,Fantasy-Horror,113623,242
test,Fantasy-Horror,326194,167
test,Fantasy-Horror,444628,258
test,Fantasy-Horror,135589,118
test,Fantasy-Horror,44935,304
test,Fantasy-Horror,16465,211
test,Fantasy-Horror,322527,286
test,Fantasy-Horror,24789,162
test,Fantasy-Horror,419848,162
test,Fantasy-Horror,88613,225
test,Fantasy-Horror,29399,64
test,Fantasy-Horror,409190,201
test,Fantasy-Horror,52022,299
test,Fantasy-Horror,336453,332
test,Fantasy-Horror,52017,216
test,Fantasy-Horror,422618,154
test,Fantasy-Horror,58797,163
test,Fantasy-Horror,107121,206
test,Fantasy-Horror,226179,322
test,Fantasy-Horror,420990,368
test,Fantasy-Horror,63091,194
test,Fantasy-Horror,257351,283
test,Fantasy-Horror,97589,257
test,Fantasy-Horror,405263,283
test,Fantasy-Horror,105834,204
test,Fantasy-Horror,84896,338
test,Fantasy-Horror,153281,67
test,Fantasy-Horror,215772,176
test,Fantasy-Horror,458461,150
test,Fantasy-Horror,28667,370
test,Fantasy-Horror,420835,265
test,Fantasy-Horror,69379,212
test,Fantasy-Horror,298169,125
test,Fantasy-Horror,195539,167
test,Fantasy-Horror,10854,271
test,Fantasy-Horror,421001,344
test,Fantasy-Horror,134640,302
test,Fantasy-Horror,77696,336
test,Fantasy-Horror,104688,358
test,Fantasy-Horror,133063,424
test,Fantasy-Horror,314814,279
test,Fantasy-Horror,172780,183
test,Fantasy-Horror,162115,166
test,Fantasy-Horror,42993,132
test,Fantasy-Horror,97984,127
test,Fantasy-Horror,411805,142
test,Fantasy-Horror,318003,136
test,Fantasy-Horror,420983,331
test,Fantasy-Horror,321695,146
test,Fantasy-Horror,321699,155
test,Fantasy-Horror,5735,114
test,Family-Science_Fiction,371690,236
test,Family-Science_Fiction,344933,275
test,Family-Science_Fiction,125063,207
test,Family-Science_Fiction,244057,327
test,Family-Science_Fiction,340212,158
test,Family-Science_Fiction,16248,177
test,Family-Science_Fiction,446216,307
test,Family-Science_Fiction,286987,126
test,Family-Science_Fiction,122752,251
test,Family-Science_Fiction,387800,130
test,Fantasy-Horror-Romance-Science_Fiction,62950,223
test,Fantasy-Music-Romance,459375,293
test,Fantasy-Music-Romance,139799,474
test,Family-Thriller,353740,234
test,Family-Fantasy-Horror-Thriller,430244,107
test,Fantasy-Mystery,377040,327
test,Fantasy-Mystery,43629,388
test,Fantasy-Mystery,445907,196
test,Fantasy-Mystery,360966,283
test,Fantasy-Mystery,274795,201
test,Family-Horror,336659,320
test,Family-Horror,353935,239
test,Family-Horror,353938,285
test,Fantasy-Horror-Romance,54111,334
test,Fantasy-Horror-Romance,373944,156
test,Fantasy-Horror-Romance,270595,280
test,Fantasy-Horror-Romance,298833,274
test,Fantasy-Horror-Romance,200464,370
test,Fantasy-Horror-Science_Fiction-Thriller,354251,306
test,Fantasy-Horror-Science_Fiction-Thriller,294289,279
test,Fantasy-Horror-Science_Fiction-Thriller,11954,250
test,Fantasy-Horror-Science_Fiction-Thriller,251733,241
test,Family-Fantasy-Mystery,86137,333
test,Family-Fantasy-Mystery,13104,259
test,Fantasy-Music,201358,135
test,Fantasy-Music,332437,154
test,Fantasy-Music,379238,357
test,Fantasy-Music,293427,235
test,Fantasy-Music,386224,228
test,Fantasy-Music,59964,344
test,Fantasy-Music,388589,353
test,Fantasy-Music,54556,158
test,Fantasy-Music,426083,139
test,Fantasy-Music,271124,324
test,Fantasy-Music,319461,61
test,Fantasy-Romance-Science_Fiction,227395,206
test,Fantasy-Romance-Science_Fiction,100656,225
test,Fantasy,246416,275
test,Fantasy,232100,304
test,Fantasy,468185,220
test,Fantasy,283860,220
test,Fantasy,104702,137
test,Fantasy,60522,321
test,Fantasy,43337,186
test,Fantasy,149952,321
test,Fantasy,369552,89
test,Fantasy,471958,37
test,Fantasy,340303,130
test,Fantasy,54415,339
test,Fantasy,345248,175
test,Fantasy,193969,153
test,Fantasy,351802,266
test,Fantasy,428648,181
test,Fantasy,231545,137
test,Fantasy,261708,345
test,Fantasy,316292,391
test,Fantasy,75812,182
test,Fantasy,81615,192
test,Fantasy,31221,343
test,Fantasy,349692,138
test,Fantasy,20880,333
test,Fantasy,219270,124
test,Fantasy,373563,243
test,Fantasy,848,443
test,Fantasy,421607,326
test,Fantasy,150584,144
test,Fantasy,196394,257
test,Fantasy,362407,148
test,Fantasy,196575,361
test,Fantasy,446441,214
test,Fantasy,335381,320
test,Fantasy,108285,123
test,Fantasy,7279,223
test,Fantasy,196550,300
test,Fantasy,212320,242
test,Fantasy,185376,142
test,Fantasy,190690,146
test,Fantasy,135746,143
test,Fantasy,294362,231
test,Fantasy,349400,96
test,Fantasy,33201,130
test,Fantasy,382387,336
test,Fantasy,330743,146
test,Fantasy,58438,243
test,Fantasy,273111,355
test,Fantasy,263680,371
test,Fantasy,488182,287
test,Fantasy,58437,294
test,Fantasy,448922,290
test,Fantasy,205272,172
test,Fantasy,358390,155
test,Fantasy,457834,389
test,Fantasy,347359,389
test,Fantasy,46489,296
test,Fantasy,30844,231
test,Fantasy,455097,94
test,Fantasy,386899,154
test,Fantasy,454891,146
test,Fantasy,164278,206
test,Fantasy,448321,269
test,Fantasy,31072,148
test,Fantasy,422375,276
test,Fantasy,147746,259
test,Fantasy,142622,130
test,Fantasy,151534,357
test,Fantasy,108292,126
test,Fantasy,58427,279
test,Fantasy,299292,199
test,Fantasy,460260,81
test,Fantasy,261653,108
test,Fantasy,412368,349
test,Fantasy,238169,269
test,Fantasy,58440,222
test,Fantasy,394123,147
test,Fantasy,222339,143
test,Fantasy,261605,296
test,Fantasy,397364,327
test,Fantasy,226322,165
test,Fantasy,262418,328
test,Fantasy,365617,134
test,Fantasy,221351,335
test,Fantasy,232714,371
test,Fantasy,190682,371
test,Fantasy,379971,324
test,Fantasy,417867,347
test,Fantasy,2405,175
test,Fantasy,16122,249
test,Fantasy,488218,288
test,Fantasy,210809,260
test,Fantasy,329632,329
test,Fantasy,291451,270
test,Fantasy,196584,1024
test,Fantasy,65160,307
test,Fantasy,89632,251
test,Fantasy,452448,309
test,Fantasy,90350,305
test,Fantasy,428976,172
test,Fantasy,16923,124
test,Fantasy,32891,358
test,Fantasy,126420,329
test,Fantasy,44854,172
test,Fantasy,398889,327
test,Fantasy,252391,145
test,Fantasy,265591,278
test,Fantasy,339503,275
test,Fantasy,14517,250
test,Fantasy,34787,284
test,Family-Fantasy-Horror,406052,72
test,Fantasy-Horror-Mystery,425829,288
test,Fantasy-Horror-Mystery,11366,267
test,Fantasy-Horror-Mystery,416228,145
test,Fantasy-Horror-Mystery,276746,328
test,Fantasy-Horror-Mystery,105915,157
test,Fantasy-Horror-Mystery,101745,177
test,Fantasy-Horror-Mystery,354395,264
test,Fantasy-Horror-Mystery,28629,195
test,Fantasy-Horror-Mystery,45480,192
test,Fantasy-Horror-Mystery,12238,203
test,Fantasy-Horror-Mystery,265466,217
test,Family-Mystery-TV_Movie,374739,64
test,Family-Romance,192677,179
test,Family-Romance,62883,264
test,Family-Romance,365753,194
test,Family-Romance,115048,155
test,Family-Romance,285464,108
test,Family-Romance,371821,247
test,Family-Romance,115075,63
test,Family-Romance,251131,298
test,Family-TV_Movie,288978,276
test,Family-TV_Movie,217087,64
test,Family-TV_Movie,86290,76
test,Family-TV_Movie,18980,281
test,Family-TV_Movie,225422,188
test,Family-TV_Movie,326639,391
test,Family-TV_Movie,169510,104
test,Family-TV_Movie,81420,65
test,Family-TV_Movie,57023,267
test,Family-TV_Movie,358353,192
test,Family-TV_Movie,149385,235
test,Family-TV_Movie,235662,323
test,Family-TV_Movie,369056,64
test,Family-TV_Movie,414217,141
test,Family-TV_Movie,261985,343
test,Fantasy-Mystery-Romance-Thriller,50023,280
test,Fantasy-Horror-Music-Mystery-Romance,405029,372
test,Family-Fantasy,70338,72
test,Family-Fantasy,285816,361
test,Family-Fantasy,212249,344
test,Family-Fantasy,18455,66
test,Family-Fantasy,265029,249
test,Family-Fantasy,64755,190
test,Family-Fantasy,53780,282
test,Family-Fantasy,348152,313
test,Family-Fantasy,125083,184
test,Family-Fantasy,76314,247
test,Family-Fantasy,34467,269
test,Family-Fantasy,69921,262
test,Family-Fantasy,190879,701
test,Family-Fantasy,13380,179
test,Family-Fantasy,459948,255
test,Family-Fantasy,260029,314
test,Family-Fantasy,122236,420
test,Family-Fantasy,15162,182
test,Family-Fantasy,264866,208
test,Family-Fantasy,105697,341
test,Family-Fantasy,20934,93
test,Family-Fantasy,13305,268
test,Family-Fantasy,371828,259
test,Family-Fantasy,90270,188
test,Family-Fantasy,32038,63
test,Family-Fantasy,64757,250
test,Family-Fantasy,61737,281
test,Family-Fantasy,13301,371
test,Family-Fantasy,208436,287
test,Family-Fantasy,278971,200
test,Family-Fantasy,128780,206
test,Family-Fantasy,13306,203
test,Family-Fantasy,241512,291
test,Family-Fantasy,463537,209
test,Family-Fantasy,457398,223
test,Family-Fantasy,476549,263
test,Family-Fantasy,81307,74
test,Family-Fantasy,34573,377
test,Family-Fantasy,471875,124
test,Family-Fantasy,478260,229
test,Family-Fantasy,78359,285
test,Family-Fantasy,71340,217
test,Family-Fantasy,224925,875
test,Family-Fantasy,68614,308
test,Family-Fantasy,76249,180
test,Fantasy-Music-TV_Movie,374072,335
test,Family-Music,80918,380
test,Family-Music,52425,279
test,Family-Music,69279,340
test,Family-Music,35973,129
test,Family-Music,13870,94
test,Family-Music,412321,195
test,Family-Music,339779,273
test,Family-Music,282068,69
test,Family-Music,28375,345
test,Family-Music,13850,147
test,Family-Music,445300,308
test,Family-Music,13863,63
test,Family-Music,143563,129
test,Family-Music,241627,233
test,Family-Music,202707,124
test,Family-Music,479835,251
test,Family-Music,245126,667
test,Family-Music,479833,85
test,Family-Music,60405,220
test,Family-Music,64877,209
test,Family-Music,240793,168
test,Family-Music,29877,197
test,Family-Music,73204,198
test,Family-Music,84746,336
test,Family-Music,338022,10478
test,Fantasy-Horror-TV_Movie,41025,365
test,Fantasy-Horror-TV_Movie,57173,333
test,Fantasy-Horror-TV_Movie,24799,264
test,Family-Fantasy-Science_Fiction,41607,208
test,Family-Fantasy-Science_Fiction,72376,73
test,Family-Fantasy-Science_Fiction,299545,198
test,Family-Fantasy-Science_Fiction,278798,171
test,Family-Fantasy-Science_Fiction,23521,160
test,Family-Fantasy-Science_Fiction,39462,248
test,Family-Fantasy-Science_Fiction,89894,198
test,Fantasy-Mystery-Thriller,16007,256
test,Fantasy-Mystery-Thriller,51273,295
test,Fantasy-Mystery-Thriller,382272,191
test,Family-Mystery,238371,326
test,Family-Mystery,336629,98
test,Family-Mystery,408670,223
test,Family-Mystery,300778,128
test,Family-Mystery,30701,216
test,Family-Fantasy-Music,44235,321
test,Family-Fantasy-Music,260026,278
test,Fantasy-Thriller,384353,308
test,Fantasy-Thriller,241396,224
test,Fantasy-Thriller,392053,79
test,Fantasy-Thriller,338164,297
test,Fantasy-Thriller,445821,125
test,Fantasy-Thriller,336482,238
test,Fantasy-Thriller,467519,177
test,Fantasy-Horror-Thriller,43713,297
test,Fantasy-Horror-Thriller,91923,212
test,Fantasy-Horror-Thriller,10263,301
test,Fantasy-Horror-Thriller,11586,223
test,Fantasy-Horror-Thriller,367717,217
test,Fantasy-Horror-Thriller,419315,220
test,Fantasy-Horror-Thriller,10285,133
test,Fantasy-Horror-Thriller,224650,183
test,Fantasy-Horror-Thriller,11428,223
test,Fantasy-Horror-Thriller,242361,267
test,Fantasy-Horror-Thriller,194809,250
test,Fantasy-Horror-Thriller,239840,90
test,Fantasy-Horror-Thriller,225048,190
test,Fantasy-Horror-Thriller,235373,203
test,Fantasy-Horror-Thriller,408387,206
test,Fantasy-Horror-Thriller,351066,338
test,Fantasy-Horror-Thriller,362065,281
