train,TV_Movie,252623,122
train,TV_Movie,70364,129
train,TV_Movie,383992,298
train,TV_Movie,402608,304
train,TV_Movie,260110,89
train,TV_Movie,391254,138
train,TV_Movie,450154,126
train,TV_Movie,441690,64
train,TV_Movie,408423,215
train,TV_Movie,265307,270
train,TV_Movie,76786,171
train,TV_Movie,443715,189
train,TV_Movie,328218,214
train,TV_Movie,362884,74
train,TV_Movie,111891,295
train,TV_Movie,150568,314
train,TV_Movie,255086,269
train,TV_Movie,464539,70
train,TV_Movie,226360,192
train,TV_Movie,367350,204
train,TV_Movie,327654,135
train,TV_Movie,274442,129
train,TV_Movie,462661,128
train,TV_Movie,257600,231
train,TV_Movie,325240,171
train,TV_Movie,459352,303
train,TV_Movie,252885,269
train,TV_Movie,391247,340
train,TV_Movie,393953,441
train,TV_Movie,41236,216
train,TV_Movie,76553,370
train,TV_Movie,91544,164
train,TV_Movie,473973,153
train,TV_Movie,363714,286
train,TV_Movie,251904,87
train,TV_Movie,36347,203
train,TV_Movie,143216,154
train,TV_Movie,70355,278
train,TV_Movie,301906,257
train,TV_Movie,431571,192
train,TV_Movie,354718,65
train,TV_Movie,315676,260
train,TV_Movie,343441,247
train,TV_Movie,491408,340
train,TV_Movie,170776,239
train,TV_Movie,462635,157
train,TV_Movie,374095,241
train,TV_Movie,165769,282
train,TV_Movie,282662,341
train,TV_Movie,115512,226
train,TV_Movie,453414,130
train,TV_Movie,108001,152
train,TV_Movie,424439,318
train,TV_Movie,232831,116
train,TV_Movie,485814,250
train,TV_Movie,363104,42
train,TV_Movie,252896,186
train,TV_Movie,85341,25
train,TV_Movie,114934,163
train,TV_Movie,271033,241
train,TV_Movie,219732,348
train,TV_Movie,256770,381
train,TV_Movie,267288,358
train,TV_Movie,391257,146
train,TV_Movie,278256,448
train,TV_Movie,317465,194
train,TV_Movie,71927,106
train,TV_Movie,299714,271
train,TV_Movie,412566,314
train,TV_Movie,425640,192
train,TV_Movie,391256,146
train,TV_Movie,331928,316
train,TV_Movie,426605,233
train,TV_Movie,386103,174
train,TV_Movie,491174,85
train,TV_Movie,86543,318
train,TV_Movie,239806,180
train,TV_Movie,330736,128
train,TV_Movie,449555,239
train,TV_Movie,27338,349
train,TV_Movie,477706,311
train,TV_Movie,475767,364
train,TV_Movie,460989,63
train,TV_Movie,249998,378
train,TV_Movie,243049,267
train,TV_Movie,442699,264
train,TV_Movie,394893,324
train,TV_Movie,371059,272
train,TV_Movie,251917,98
train,TV_Movie,184143,64
train,TV_Movie,257437,421
train,TV_Movie,107995,212
train,TV_Movie,114455,352
train,TV_Movie,391258,149
train,TV_Movie,464833,190
train,TV_Movie,244625,124
train,TV_Movie,255410,264
train,TV_Movie-War,213503,290
train,TV_Movie-Thriller,241040,170
train,TV_Movie-Thriller,252306,116
train,TV_Movie-Thriller,203233,199
train,TV_Movie-Thriller,115376,290
train,TV_Movie-Thriller,67055,228
train,TV_Movie-Thriller,325666,132
train,TV_Movie-Thriller,259969,312
train,TV_Movie-Thriller,298821,216
train,TV_Movie-Thriller,55231,231
train,TV_Movie-Thriller,310558,238
train,TV_Movie-Thriller,368702,154
train,TV_Movie-Thriller,278931,187
train,TV_Movie-Thriller,462517,249
train,TV_Movie-Thriller,106284,151
train,TV_Movie-Thriller,221465,247
train,TV_Movie-Thriller,297775,210
train,TV_Movie-Thriller,202637,125
train,TV_Movie-Thriller,475508,234
train,TV_Movie-Thriller,384099,194
train,TV_Movie-Thriller,78557,127
train,TV_Movie-Thriller,452787,213
train,TV_Movie-Thriller,107554,261
train,TV_Movie-Thriller,351345,241
train,TV_Movie-Thriller,219986,153
train,TV_Movie-Thriller,266324,204
train,TV_Movie-Thriller,228971,230
train,TV_Movie-Thriller,385931,167
train,TV_Movie-Thriller,56526,119
train,TV_Movie-Thriller,225850,131
train,TV_Movie-Thriller,219379,248
train,TV_Movie-Thriller,189412,46
train,TV_Movie-Thriller,171308,382
train,TV_Movie-Thriller,439875,203
train,TV_Movie-Thriller,454051,333
train,TV_Movie-Thriller,252312,116
train,TV_Movie-Thriller,473295,62
train,TV_Movie-Thriller,435268,211
train,TV_Movie-Thriller,392418,261
train,TV_Movie-Thriller,130826,322
train,TV_Movie-Thriller,468960,120
train,TV_Movie-Thriller,89756,160
train,TV_Movie-Thriller,305795,99
train,TV_Movie-Thriller,405344,224
train,TV_Movie-Thriller,399747,121
train,TV_Movie-Thriller,274134,187
train,TV_Movie-Thriller,121763,199
train,TV_Movie-Thriller,214483,245
train,TV_Movie-Thriller,463336,278
train,TV_Movie-Thriller,199728,278
train,TV_Movie-Thriller,111407,139
train,TV_Movie-Thriller,414525,208
train,TV_Movie-Thriller,281955,127
train,TV_Movie-Thriller,203055,234
train,TV_Movie-Thriller,465934,264
train,TV_Movie-Thriller,433308,195
train,TV_Movie-Thriller,279806,134
train,TV_Movie-Thriller,393132,331
train,TV_Movie-Thriller,411287,263
train,TV_Movie-Thriller,344492,147
train,TV_Movie-Thriller,18637,287
train,TV_Movie-Thriller,290712,90
train,TV_Movie-Thriller,385203,193
train,TV_Movie-Thriller,354908,277
train,TV_Movie-Thriller,408345,261
train,TV_Movie-Thriller,91408,267
train,TV_Movie-Thriller,168712,362
train,TV_Movie-Thriller,40714,329
train,TV_Movie-Thriller,189492,159
train,Thriller-War,60216,280
train,Thriller-War,147567,290
train,Thriller-War,405775,327
train,Thriller-War,48243,254
train,Thriller-War,345009,261
train,Thriller-War,23924,416
train,Thriller-War,236794,240
train,Thriller-War,265668,172
train,Thriller-War,421030,325
train,Thriller-War,372960,228
train,Thriller-War,194731,307
train,Thriller-War,247928,351
train,Thriller,87241,225
train,Thriller,337967,169
train,Thriller,355264,254
train,Thriller,47591,256
train,Thriller,47188,226
train,Thriller,12488,65
train,Thriller,381135,152
train,Thriller,349129,170
train,Thriller,198182,115
train,Thriller,292038,194
train,Thriller,478280,224
train,Thriller,361209,165
train,Thriller,457703,250
train,Thriller,11963,439
train,Thriller,214209,238
train,Thriller,297675,219
train,Thriller,36981,291
train,Thriller,20916,219
train,Thriller,382485,157
train,Thriller,437350,329
train,Thriller,445790,295
train,Thriller,365268,279
train,Thriller,416602,187
train,Thriller,119458,302
train,Thriller,61813,202
train,Thriller,280459,250
train,Thriller,278147,361
train,Thriller,313997,189
train,Thriller,229204,200
train,Thriller,96911,286
train,Thriller,417521,155
train,Thriller,384169,311
train,Thriller,119844,246
train,Thriller,29212,370
train,Thriller,462765,251
train,Thriller,213962,241
train,Thriller,486821,124
train,Thriller,262927,354
train,Thriller,290254,188
train,Thriller,29853,302
train,Thriller,110942,270
train,Thriller,58647,258
train,Thriller,78440,292
train,Thriller,156013,345
train,Thriller,16995,221
train,Thriller,103812,270
train,Thriller,223189,326
train,Thriller,46640,206
train,Thriller,130293,327
train,Thriller,230461,155
train,Thriller,316105,211
train,Thriller,262127,221
train,Thriller,405747,105
train,Thriller,97876,199
train,Thriller,278423,325
train,Thriller,368182,261
train,Thriller,461304,299
train,Thriller,36988,311
train,Thriller,332997,271
train,Thriller,183635,252
train,Thriller,150229,268
train,Thriller,432792,228
train,Thriller,293156,324
train,Thriller,358256,91
train,Thriller,269978,382
train,Thriller,438435,299
train,Thriller,28455,63
train,Thriller,215341,170
train,Thriller,461969,148
train,Thriller,334471,216
train,Thriller,44041,164
train,Thriller,16445,184
train,Thriller,15525,207
train,Thriller,47515,256
train,Thriller,72328,187
train,Thriller,111170,232
train,Thriller,372598,254
train,Thriller,49341,172
train,Thriller,449272,267
train,Thriller,121777,226
train,Thriller,185373,254
train,Thriller,9605,254
train,Thriller,362676,211
train,Thriller,408988,128
train,Thriller,279935,220
train,Thriller,6145,290
train,Thriller,28123,334
train,Thriller,430916,292
train,Thriller,278435,244
train,Thriller,278348,205
train,Thriller,32088,221
train,Thriller,122163,175
train,Thriller,407312,325
train,Thriller,301281,266
train,Thriller,466471,243
train,Thriller,19383,243
train,Thriller,262703,134
train,Thriller,134768,263
train,Thriller,4910,388
train,Thriller,178833,270
train,Thriller,371350,188
train,Thriller,346178,247
train,Thriller,214875,301
train,Thriller,197613,148
train,Thriller,448442,220
train,Thriller,291210,281
train,Thriller,475911,179
train,Thriller,472952,1233
train,Thriller,15719,258
train,Thriller,441751,270
train,Thriller,436392,83
train,Thriller,39293,289
train,Thriller,329010,296
train,Thriller,159522,254
train,Thriller,169801,181
train,Thriller,488284,120
train,Thriller,28812,863
train,Thriller,489280,129
train,Thriller,26041,185
train,Thriller,402771,197
train,Thriller,60492,168
train,Thriller,350563,276
train,Thriller,347483,68
train,Thriller,108391,161
train,Thriller,132457,236
train,Thriller,293621,129
train,Thriller,54867,272
train,Thriller,226788,165
train,Thriller,399175,353
train,Thriller,367094,246
train,Thriller,51788,267
train,Thriller,340746,159
train,Thriller,330408,203
train,Thriller,192655,130
train,Thriller,242173,317
train,Thriller,165420,196
train,Thriller,149549,101
train,Thriller,191420,199
train,Thriller,415445,142
train,Thriller,94744,216
train,Thriller,70867,326
train,Thriller,90077,262
train,Thriller,44749,199
train,Thriller,11498,308
train,Thriller,159095,215
train,Thriller,399248,325
train,Thriller,189298,280
train,Thriller,278955,175
train,Thriller,70889,284
train,Thriller,398943,185
train,Thriller,219437,261
train,Thriller,299289,122
train,Thriller,153662,216
train,Thriller,90044,104
train,Thriller,222981,306
train,Thriller,470006,244
train,Thriller,217608,230
train,Thriller,16354,539
train,Thriller,245829,218
train,Thriller,4266,245
train,Thriller,20458,182
train,Thriller,335490,299
train,Thriller,299299,291
train,Thriller,215881,263
train,Thriller,10080,271
train,Thriller,88703,214
train,Thriller,29088,362
train,Thriller,377111,303
train,Thriller,218077,246
train,Thriller,250558,317
train,Thriller,38775,273
train,Thriller,45740,151
train,Thriller,153329,205
train,Thriller,436488,87
train,Thriller,85665,272
train,Thriller,412818,193
train,Thriller,90843,346
train,Thriller,41555,328
train,Thriller,225638,327
train,Thriller,94005,203
train,Thriller,138630,222
train,Thriller,312913,220
train,Thriller,119357,253
train,Thriller,29579,116
train,Thriller,471067,174
train,Thriller,343120,188
train,Thriller,84336,213
train,Thriller,293494,179
train,Thriller,438154,260
train,Thriller,446692,276
train,Thriller,272128,180
train,Thriller,163969,378
train,Thriller,72784,303
train,Thriller,278925,268
train,Thriller,91867,213
train,Thriller,373961,304
train,Thriller,399463,280
train,Thriller,187883,144
train,Thriller,124529,318
train,Thriller,380728,271
train,Thriller,473281,149
train,Thriller,58674,301
train,Thriller,231888,111
train,Thriller,86283,274
train,Thriller,144643,132
train,Thriller,220400,217
train,Thriller,260921,213
train,Thriller,80862,211
train,Thriller,35128,199
train,Thriller,64769,314
train,Thriller,266047,179
train,Thriller,431952,306
train,Thriller,255251,333
train,Thriller,266982,240
train,Thriller,124438,68
train,Thriller,264963,246
train,Thriller,80648,261
train,Thriller,106210,301
train,Thriller,132099,185
train,Thriller,42774,376
train,Thriller,363020,391
train,Thriller,259879,262
train,Thriller,459845,250
train,Thriller,135939,180
train,Thriller,267686,259
train,Thriller,325746,155
train,Thriller,133494,127
train,Thriller,100464,210
train,Thriller,341512,289
train,Thriller,219312,314
train,Thriller,483340,344
train,Thriller,369852,220
train,Thriller,295508,331
train,Thriller,125020,259
train,Thriller,103212,210
train,Thriller,295171,258
train,Thriller,27938,220
train,Thriller,176570,260
train,Thriller,42786,186
train,Thriller,430598,188
train,Thriller,423624,223
train,Thriller,59817,343
train,Thriller,91369,191
train,Thriller,287955,1010
train,Thriller,169228,100
train,Thriller,18568,154
train,Thriller,67238,304
train,Thriller,185349,364
train,Thriller,117056,208
train,Thriller,360552,192
train,Thriller,161823,222
train,Thriller,252248,265
train,Thriller,58727,202
train,Thriller,25435,336
train,Thriller,4889,443
train,Thriller,301923,214
train,Thriller,253358,350
train,Thriller,204973,254
train,Thriller,306491,217
train,Thriller,184724,304
train,Thriller,439201,199
train,Thriller,12148,199
train,Thriller,276597,154
train,Thriller,24249,240
train,Thriller,450152,170
train,Thriller,398270,249
train,Thriller,229314,195
train,Thriller,310133,261
train,Thriller,188658,131
train,Thriller,39240,205
train,Thriller,351145,266
train,Thriller,283711,192
train,Thriller,103875,260
train,Thriller,198359,171
train,Thriller,438303,219
train,Thriller,367733,133
train,Thriller,483083,64
train,Thriller,54869,250
train,Thriller,7346,269
train,Thriller,224950,319
train,Thriller,348569,233
train,Thriller,174376,391
train,Thriller,354038,210
train,Thriller,135451,252
train,Thriller,80436,328
train,Thriller,381018,199
train,Thriller,46570,170
train,Thriller,454630,195
train,Thriller,404731,125
train,Thriller,265457,311
train,Thriller,69485,215
train,Thriller,434984,129
train,Thriller,396644,302
train,Thriller,486689,188
train,Thriller,79830,415
train,Thriller,277992,285
train,Thriller,227275,205
train,Thriller,423367,260
train,Thriller,301224,347
train,Thriller,349149,150
train,Thriller,48787,131
train,Thriller,444730,327
train,Thriller,99262,266
train,Thriller,306670,17176
train,Thriller,68642,352
train,Thriller,138317,143
train,Thriller,69627,63
train,Thriller,135046,163
train,Thriller,280433,327
train,Thriller,489705,194
train,Thriller,278212,227
train,Thriller,48313,305
train,Thriller,431368,123
train,Thriller,464749,279
train,Thriller,244297,267
train,Thriller,217896,177
train,Thriller,296845,219
train,Thriller,374293,278
train,Thriller,422708,236
train,Thriller,335070,272
train,Thriller,438602,219
train,Thriller,250802,220
train,Thriller,65096,183
train,Thriller,86790,230
train,Thriller,69892,139
train,Thriller,224363,217
train,Thriller,104941,250
train,Thriller,36601,212
train,Thriller,201759,329
train,Thriller,486745,162
train,Thriller,410212,286
train,Thriller,79281,262
train,Thriller,396610,169
train,Thriller,4023,301
train,Thriller,36610,276
train,Thriller,101962,195
train,Thriller,273754,124
train,Thriller,171671,249
train,Thriller,448831,64
train,Thriller,158916,216
train,Thriller,73811,158
train,Thriller,36047,66
train,Thriller,325259,147
train,Thriller,3014,464
train,Thriller,451425,70
train,Thriller,192315,220
train,Thriller,440957,95
train,Thriller,424401,289
train,Thriller,40017,293
train,Thriller,69854,229
train,Thriller,380590,62
train,Thriller,466308,248
train,Thriller,215776,300
train,Thriller,180615,246
train,Thriller,114785,131
train,Thriller,124583,209
train,Thriller,412082,193
train,Thriller,192811,124
train,Thriller,255790,353
train,Thriller,228320,322
train,Thriller,261048,370
train,Thriller,31167,207
train,Thriller,32034,150
train,Thriller,400711,235
train,Thriller,185079,382
train,Thriller,328480,183
train,Thriller,68935,221
train,Thriller,105545,244
train,Thriller,388047,83
train,Thriller,268888,207
train,Thriller,100663,69
train,Thriller,97140,201
train,Thriller,199471,256
train,Thriller,426409,256
train,Thriller,127234,331
train,Thriller,75938,191
train,Thriller,451955,243
train,Thriller,25651,221
train,Thriller,47308,249
train,Thriller,38642,163
train,Thriller,375243,297
train,Thriller,205076,259
train,Thriller,306847,401
train,Thriller,151190,152
train,Thriller,73215,151
train,Thriller,176077,232
train,Thriller,69346,295
train,Thriller,434924,226
train,Thriller,46404,120
train,Thriller,159602,333
train,Thriller,263865,154
train,Thriller,318155,185
train,Thriller,33842,337
train,Thriller,99880,366
train,Thriller,450637,138
train,Thriller,44607,111
train,Thriller,297453,142
train,Thriller,384182,284
train,Thriller,396488,280
train,Thriller,146313,203
train,Thriller,49058,307
train,Thriller,277852,332
train,Thriller,326928,211
train,Thriller,15806,260
train,Thriller,322518,289
train,Thriller,332050,319
train,Thriller,374569,181
train,Thriller,31932,270
train,Thriller,56741,147
train,Thriller,26654,267
train,Thriller,375846,234
train,Thriller,41099,224
train,Thriller,387840,347
train,Thriller,117799,207
train,Thriller,345089,303
train,Thriller,105235,212
train,Thriller,419269,338
train,Thriller,57172,196
train,Thriller,341708,159
train,Thriller,244498,195
train,Thriller,179053,139
train,Thriller,122758,131
train,Thriller,471136,146
train,Thriller,472094,278
train,Thriller,269817,244
train,Thriller,62223,342
train,Thriller,58667,169
train,Thriller,449310,190
train,Thriller,473064,241
train,Thriller,358206,316
train,Thriller,166114,330
train,Thriller,403434,251
train,Thriller,271313,138
train,Thriller,204767,143
train,Thriller,115661,318
train,Thriller,53983,216
train,Thriller,354683,139
train,Thriller,127483,316
train,Thriller,416166,270
train,Thriller,219648,159
train,Thriller,381322,218
train,Thriller,52131,128
train,Thriller,455783,206
train,Thriller,221432,195
train,Thriller,98339,305
train,Thriller,334923,359
train,Thriller,278958,210
train,Thriller,45831,254
train,Thriller,382738,186
train,Thriller,270559,347
train,Thriller,62129,173
train,Thriller,404586,205
train,Thriller,90881,200
train,Thriller,367855,213
train,Thriller,366877,285
train,Thriller,414530,333
train,Thriller,469489,141
train,Thriller,403848,305
train,Thriller,29145,341
train,Thriller,85862,205
train,Thriller,289594,226
train,Thriller,464909,267
train,Thriller,249941,254
train,Thriller,102792,200
train,Thriller,270670,202
train,Thriller,318240,137
train,Thriller,159465,179
train,Thriller,82139,253
train,Thriller,169332,300
train,Thriller,369033,259
train,Thriller,258398,192
train,Thriller,393470,487
train,Thriller,74702,305
train,Thriller,301864,314
train,Thriller,70302,270
train,Thriller,462195,236
train,Thriller,163533,176
train,Thriller,413974,205
train,Thriller,81277,196
train,Thriller,230168,264
train,Thriller,86985,102
train,Thriller,29132,178
train,Thriller,460848,152
train,Thriller,27984,180
train,Thriller,269117,190
train,Thriller,278211,67
train,Thriller,28007,293
train,Thriller,393307,73
train,Thriller,187594,287
train,Thriller,70630,207
train,Thriller,300451,308
train,Thriller,331704,219
train,Thriller,322568,345
train,Thriller,25722,300
train,Thriller,404665,211
train,Thriller,356500,305
train,Thriller,103067,181
train,Thriller,390433,286
train,Thriller,331060,255
train,Thriller,359790,331
train,Thriller,306288,306
train,Thriller,182510,148
train,Thriller,301444,210
train,Thriller,345957,205
train,Thriller,64805,184
train,Thriller,488778,346
train,Thriller,113302,245
train,Thriller,39924,495
train,Thriller,73661,231
train,Thriller,41854,242
train,Thriller,172178,274
train,Thriller,3427,643
train,Thriller,25038,191
train,Thriller,384684,328
train,Thriller,126780,311
train,Thriller,227455,256
train,Thriller,73954,124
train,Thriller,306283,159
train,Thriller,266142,314
train,Thriller,474568,210
train,Thriller,21777,128
train,Thriller,139519,297
train,Thriller,20296,350
train,Thriller,28864,233
train,Thriller,208656,248
train,Thriller,250717,292
train,Thriller,121537,171
train,Thriller,117861,359
train,Thriller,168114,267
train,Thriller,243454,348
train,Thriller,28412,191
train,Thriller,87713,245
train,Thriller,278334,253
train,Thriller,97864,275
train,Thriller,73135,293
train,Thriller,228201,325
train,Thriller,88959,170
train,Thriller,399073,105
train,Thriller,435035,213
train,Thriller,283384,311
train,Thriller,75179,291
train,Thriller,27200,411
train,Thriller,229878,169
train,Thriller,400747,249
train,Thriller,306580,246
train,Thriller,491432,81
train,Thriller,464014,179
train,Thriller,112246,145
train,Thriller,6603,514
train,Thriller,287719,182
train,Thriller,464489,248
train,Thriller,437852,378
train,Thriller,433244,294
train,Thriller,259712,235
train,Thriller,151635,274
train,Thriller,99543,282
train,Thriller,256311,232
train,Thriller,4679,185
train,Thriller,329161,305
train,Thriller,355522,197
train,Thriller,132236,207
train,Thriller,309808,31
train,Thriller,335594,270
train,Thriller,438528,141
train,Thriller,97121,311
train,Thriller,294825,281
train,Thriller,16639,286
train,Thriller,252711,137
train,Thriller,116621,216
train,Thriller,292108,162
train,Thriller,136936,198
train,Thriller,448644,288
train,Thriller,463833,266
train,Thriller,126243,490
train,Thriller,379882,313
train,Thriller,455402,279
train,Thriller,150473,249
train,Thriller,39087,288
train,Thriller,194522,183
train,Thriller,126816,246
train,Thriller,341178,194
train,Thriller,336960,268
train,Thriller,14782,208
train,Thriller,9491,145
train,Thriller,218904,264
train,Thriller,47155,1439
train,Thriller,170663,204
train,Thriller,357714,228
train,Thriller,476884,216
train,Thriller,435809,190
train,Thriller,462889,217
train,Thriller,283823,319
train,Thriller,18791,223
train,Thriller,352041,315
train,Thriller,280749,228
train,Thriller,251852,229
train,Thriller,112820,231
train,Thriller,297155,208
train,Thriller,262839,215
train,Thriller,459201,333
train,Thriller,122775,258
train,Thriller,209103,304
train,Thriller,285018,270
train,Thriller,464858,277
train,Thriller,451518,186
train,Thriller,48514,305
train,Thriller,465155,188
train,Thriller,39843,121
train,Thriller,176439,362
train,Thriller,15932,216
train,Thriller,200950,349
train,Thriller,471975,243
train,Thriller,61242,123
train,Thriller,109989,217
train,Thriller,307719,260
train,Thriller,13123,184
train,Thriller,315959,140
train,Thriller,2155,456
train,Thriller,408027,324
train,Thriller,313219,196
train,Thriller,208492,284
train,Thriller,286654,328
train,Thriller,279351,224
train,Thriller,106742,339
train,Thriller,121677,315
train,Thriller,344472,133
train,Thriller,352650,338
train,Thriller,248969,228
train,Thriller,84800,180
train,Thriller,312332,89
train,Thriller,59159,205
train,Thriller,193372,446
train,Thriller,266567,145
train,Thriller,252300,118
train,Thriller,404913,266
train,Thriller,224903,367
train,Thriller,345978,358
train,Thriller,37131,179
train,Thriller,54710,220
train,Thriller,104935,204
train,Thriller,35724,225
train,Thriller,58781,205
train,Thriller,431938,339
train,Thriller,148043,160
train,Thriller,405377,268
train,Thriller,25573,279
train,Thriller,334074,250
train,Thriller,241261,237
train,Thriller,91384,151
train,Thriller,28311,177
train,Thriller,401598,296
train,Thriller,416730,293
train,Thriller,325759,246
train,Thriller,287826,308
train,Thriller,446774,341
train,Thriller,280084,94
train,Thriller,386155,267
train,Thriller,418848,306
train,Thriller,408278,370
train,Thriller,446907,291
train,Thriller,56384,84
train,Thriller,313307,196
train,Thriller,133601,169
train,Thriller,145433,258
train,Thriller,124524,260
train,Thriller,467895,232
train,Thriller,65658,202
train,Thriller,229032,147
train,Thriller,396369,145
train,Thriller,354674,345
train,Thriller,271162,371
train,Thriller,221764,322
train,Thriller,58678,264
train,Thriller,212056,227
train,Thriller,419639,310
train,Thriller,160825,305
train,Thriller,132306,133
train,Thriller,73442,247
train,Thriller,208669,276
train,Thriller,124687,147
train,Thriller,387550,313
train,Thriller,28154,147
train,Thriller,252279,98
train,Thriller,383522,314
train,Thriller,418287,212
train,Thriller,449823,327
train,Thriller,202723,242
train,Thriller,97335,371
train,Thriller,42427,261
train,Thriller,66536,349
train,Thriller,397266,185
train,Thriller,438463,328
train,Thriller,251006,187
train,Thriller,362062,157
train,Thriller,205718,152
train,Thriller,115682,70
train,Thriller,401218,124
train,Thriller,378029,236
train,Thriller,405901,161
train,Thriller,423880,1450
train,Thriller,416086,110
train,Thriller,353485,267
train,Thriller,206728,288
train,Thriller,158329,307
train,Thriller,312797,302
train,Thriller,271651,112
train,Thriller,292053,249
train,Thriller,40584,308
train,Thriller,387656,124
train,Thriller,332309,278
train,Thriller,464175,337
train,Thriller,347752,232
train,Thriller,381304,248
train,Thriller,273046,173
train,Thriller,108457,266
train,Thriller,463388,62
train,Thriller,67359,387
train,Thriller,21382,360
train,Thriller,188102,253
train,Thriller,335872,254
train,Thriller,212336,337
train,Thriller,37413,239
train,Thriller,394978,326
train,Thriller,13018,287
train,Thriller,461158,356
train,Thriller,137460,232
train,Thriller,85326,222
train,Thriller,396558,253
train,Thriller,206419,191
train,Thriller,133713,389
train,Thriller,317551,286
train,Thriller,276699,222
train,Thriller,203244,207
train,Thriller,442318,184
train,Thriller,118317,74
train,Thriller,422199,161
train,Thriller,101420,343
train,Thriller,347604,327
train,Thriller,122767,198
train,Thriller,119619,191
train,Thriller,78558,246
train,Thriller,316709,244
train,Thriller,351147,145
train,Thriller,116789,248
train,Thriller,54712,60
train,Thriller,28439,255
train,Thriller,384171,360
train,Thriller,32866,131
train,Thriller,285556,224
train,Thriller,252184,119
train,Thriller,107342,280
train,Thriller,205623,340
train,Thriller,460711,299
train,Thriller,88334,196
train,Thriller,329321,302
train,Thriller,109440,176
train,Thriller,181871,236
train,Thriller,169012,216
train,Thriller,356842,278
train,Thriller,343426,63
train,Thriller,423044,586
train,Thriller,232470,182
train,Thriller,66120,212
train,Thriller,274669,278
train,Thriller,41740,179
train,Thriller,449355,168
train,Thriller,39372,278
train,Thriller,392235,329
train,Thriller,244019,225
train,Thriller,374002,103
train,Thriller,184804,289
train,Thriller,262560,333
train,Thriller,67810,344
train,Thriller,76812,342
train,Thriller,407951,164
train,Thriller,488621,167
train,Thriller,287966,353
train,Thriller,278209,123
train,Thriller,386113,331
train,Thriller,213555,261
train,Thriller,332480,302
train,Thriller,297023,259
train,Thriller,182349,286
train,Thriller,300623,352
train,Thriller,458353,250
train,Thriller,61492,355
train,Thriller,124171,330
train,Thriller,48920,226
train,Thriller,429886,193
train,Thriller,187448,217
train,Thriller,84529,372
train,Thriller,369443,160
train,Thriller,238674,562
train,Thriller,201469,236
train,Thriller,110240,349
train,Thriller,425128,249
train,Thriller,390397,261
train,Thriller,279931,66
train,Thriller,349028,161
train,Thriller,120629,299
train,Thriller,416669,150
train,Thriller,201119,317
train,Thriller,124614,212
train,Thriller,78461,243
train,Thriller,80197,200
train,Thriller,455404,222
train,Thriller,41738,264
train,Thriller,107872,212
train,Thriller,374515,294
train,Thriller,364220,290
train,Thriller,476372,206
train,Thriller,56901,294
train,Thriller,363423,265
train,Thriller,361149,276
train,Thriller,482652,331
train,Thriller,96012,250
train,Thriller,146794,201
train,Thriller,112287,315
train,Thriller,296919,124
train,Thriller,316803,322
train,Thriller,364021,224
train,Thriller,40911,351
train,Thriller,75836,95
train,Thriller,187332,244
train,Thriller,37503,334
train,Thriller,241251,352
train,Thriller,81039,354
train,Thriller,22135,333
train,Thriller,78592,228
train,Thriller,392342,202
train,Thriller,307712,181
train,Thriller,263910,109
train,Thriller,211427,319
train,Thriller,460296,300
train,Thriller,197286,161
train,Thriller,244903,354
train,Thriller,66039,326
train,Thriller,478630,174
train,Thriller,298182,184
train,Thriller,69983,129
train,Thriller,29998,300
train,Thriller,200326,174
train,Thriller,379050,261
train,Thriller,444182,118
train,Thriller,160045,293
train,Thriller,105145,344
train,Thriller,55610,233
train,Thriller,93041,196
train,Thriller,428039,219
train,Thriller,278161,312
train,Thriller,405916,338
train,Thriller,172100,279
train,Thriller,478615,188
train,Thriller,431086,341
train,Thriller,112767,194
train,Thriller,41732,296
train,Thriller,383069,294
train,Thriller,147957,189
train,Thriller,335715,128
train,Thriller,105063,215
train,Thriller,142238,298
train,Thriller,295636,233
train,Thriller,81768,37
train,Thriller,204540,185
train,Thriller,196712,229
train,Thriller,467372,202
train,Thriller,321188,235
train,Thriller,135944,249
train,Thriller,278496,181
train,Thriller,64767,200
train,Thriller,121244,240
train,Thriller,337909,295
train,Thriller,212731,173
train,Thriller,299553,222
train,Thriller,402161,261
train,Thriller,75553,209
train,Thriller,400391,212
train,Thriller,288096,125
train,Thriller,15961,279
train,Thriller,251421,200
train,Thriller,451491,232
train,Thriller,281351,223
train,Thriller,397365,365
train,Thriller,272447,328
train,Thriller,326262,303
train,Thriller,54870,147
train,Thriller,475963,182
train,Thriller,52313,268
train,Thriller,18673,148
train,Thriller,9320,297
train,Thriller,195978,87
train,Thriller,152130,300
train,Thriller,276778,221
train,Thriller,280408,230
train,Thriller,21900,218
train,Thriller,46008,188
train,Thriller,72247,1676
train,Thriller,247987,339
train,Thriller,359368,172
train,Thriller,396802,294
train,Thriller,133763,381
train,Thriller,428048,283
train,Thriller,398336,147
train,Thriller,190794,236
train,Thriller,113616,260
train,Thriller,483923,168
train,Thriller,435145,270
train,Thriller,223119,210
train,Thriller,12406,389
train,Thriller,19611,272
train,Thriller,92484,291
train,Thriller,260747,294
train,Thriller,84769,360
train,Thriller,243978,217
train,Thriller,342757,168
train,Thriller,298695,256
train,Thriller,269521,191
train,Thriller,244010,174
train,Thriller,41393,195
train,Thriller,327358,353
train,Thriller,348346,196
train,Thriller,55601,95
train,Thriller,431984,108
train,Thriller,149865,257
train,Thriller,231025,727
train,Thriller,104709,128
train,Thriller,394697,233
train,Thriller,74575,234
train,Thriller,393921,79
train,Thriller,199606,127
train,Thriller,84293,195
train,Thriller,424264,221
train,Thriller,231722,74
train,Thriller,490842,296
train,Thriller,82390,328
train,Thriller,361222,242
train,Thriller,306143,324
train,Thriller,427896,289
train,Thriller,71115,94
train,Thriller,76209,327
train,Thriller,150658,245
train,Thriller,70515,222
train,Thriller,355470,302
train,Thriller,271856,293
train,Thriller,81884,189
train,Thriller,23972,99
train,Thriller,394329,305
train,Thriller,153436,293
train,Thriller,278136,276
train,Thriller,408554,249
train,Thriller,260446,219
train,Thriller,121491,167
train,Thriller,75547,275
train,Thriller,86023,191
train,Thriller,462916,197
train,Thriller,71836,276
train,Thriller,187263,315
train,Thriller,401229,124
train,Thriller,109907,257
train,Thriller,191874,161
train,Thriller,291368,277
train,Thriller,410729,185
train,Thriller,427876,325
train,Thriller,301318,223
train,Thriller,48240,267
train,Thriller,419397,353
train,Thriller,341498,279
train,Thriller,37644,124
train,Thriller,342502,290
train,Thriller,27897,324
train,Thriller,77791,370
train,Thriller,418259,185
train,Thriller,227379,201
train,Thriller,272220,256
train,Thriller,381092,241
train,Thriller,49708,234
train,Thriller,105292,243
train,Thriller,224507,271
train,Thriller,452714,171
train,Thriller,27835,350
train,Thriller,342362,334
train,Thriller,113158,199
train,Thriller,373836,313
train,Thriller,34388,357
train,Thriller,111542,229
train,Thriller,306861,89
train,Thriller,29292,216
train,Thriller,262966,176
train,Thriller,142948,257
train,Thriller,392207,184
train,Thriller,398360,283
train,Thriller,419319,180
train,Thriller,40066,372
train,Thriller,403520,184
train,Thriller,172985,311
train,Thriller,79350,68
train,Thriller,78322,191
train,Thriller,192149,293
train,Thriller,479448,317
train,Thriller,105081,247
train,Thriller,447460,307
train,Thriller,41598,226
train,Thriller,69626,351
train,Thriller,261623,279
train,Thriller,146158,327
train,Thriller,118397,257
train,Thriller,408567,283
train,Thriller,73120,331
train,Thriller,28834,138
train,Thriller,118299,381
train,Thriller,348989,199
train,Thriller,415631,342
train,Thriller,53882,175
train,Thriller,231038,203
train,Thriller,336055,160
train,Thriller,71147,210
train,Thriller,189332,116
train,Thriller,214761,173
train,Thriller,279191,179
train,Thriller,419210,309
train,Thriller,322243,307
train,Thriller,63667,317
train,Thriller,299294,274
train,Thriller,86611,228
train,Thriller,180095,139
train,Thriller,248576,225
train,Thriller,45083,320
train,Thriller,288684,237
train,Thriller,261396,301
train,Thriller,277879,122
train,Thriller,462521,180
train,Thriller,401309,162
train,Thriller,488059,308
train,Thriller,351196,328
train,Thriller,241082,368
train,Thriller,422759,124
train,Thriller,32042,279
train,Thriller,49368,282
train,Thriller,25218,420
train,Thriller,231204,298
train,Thriller,94161,282
train,Thriller,122078,207
train,Thriller,128701,246
train,Thriller,57566,298
train,Thriller,133446,293
train,Thriller,434966,265
train,Thriller,66410,611
train,Thriller,30888,267
train,Thriller,108458,201
train,Thriller,69929,217
train,Thriller,128161,174
train,Thriller,74742,225
train,Thriller,180900,126
train,Thriller,109230,235
train,Thriller,57059,248
train,Thriller,331348,167
train,Thriller,215526,200
train,Thriller,284289,306
train,Thriller,444442,359
train,Thriller,1978,342
train,Thriller,68280,166
train,Thriller,284321,133
train,Thriller,72588,459
train,Thriller,71728,259
train,Thriller,20731,295
train,Thriller,60321,64
train,Thriller,334037,189
train,Thriller,469916,149
train,Thriller,491861,196
train,Thriller,30779,187
train,Thriller,278111,234
train,Thriller,94594,292
train,Thriller,348864,310
train,Thriller,315119,383
train,Thriller,297702,252
train,Thriller,130371,151
train,Thriller,173406,151
train,Thriller,4459,308
train,Thriller,108445,84
train,Thriller,37987,314
train,Thriller,197586,376
train,Thriller,428229,212
train,Thriller,324231,300
train,Thriller,112248,135
train,Thriller,484079,327
train,Thriller,2761,127
train,Thriller,3419,321
train,Thriller,166468,128
train,Thriller,409386,228
train,Thriller,260791,302
train,Thriller,419272,146
train,Thriller,276902,323
train,Thriller,204313,194
train,Thriller,90908,240
train,Thriller,398562,200
train,Thriller,214754,159
train,Thriller,306959,295
train,Thriller,200721,130
train,Thriller,200966,107
train,Thriller,28793,216
train,Thriller,224600,376
train,Thriller,184797,206
train,Thriller,89070,329
train,Thriller,450100,250
train,Thriller,338535,276
train,Thriller,487049,156
train,Thriller,429835,167
train,Thriller,262708,180
train,Thriller,222666,278
train,Thriller,264760,211
train,Thriller,267928,359
train,Thriller,238097,230
train,Thriller,168399,352
train,Thriller,260896,68
train,Thriller,328070,229
train,Thriller,67657,328
train,Thriller,279339,344
train,Thriller,146833,239
train,Thriller,278200,245
train,Thriller,329515,143
train,Thriller,294476,315
train,Thriller,40065,470
train,Thriller,24094,291
train,Thriller,396452,140
train,Thriller,109030,64
train,Thriller,115389,313
train,Thriller,268391,227
train,Thriller,54918,229
train,Thriller,76709,263
train,Thriller,116609,282
train,Thriller,491642,164
train,Thriller,378613,198
train,Thriller,17081,121
train,Thriller,446833,200
train,Thriller,52653,296
train,Thriller,185830,274
train,Thriller,79593,626
train,Thriller,189025,457
train,Thriller,178314,338
train,Thriller,33556,313
train,Thriller,402877,290
train,Thriller,219643,206
train,Thriller,122796,226
train,Thriller,171952,290
train,Thriller,91403,222
train,Thriller,126405,218
train,Thriller,341707,271
train,Thriller,108450,422
train,Thriller,288123,300
train,Thriller,104948,292
train,Thriller,53055,220
train,Thriller,254648,267
train,Thriller,2820,304
train,Thriller,305831,171
train,Thriller,104997,198
train,Thriller,466854,248
train,Thriller,30820,299
train,Thriller,359592,287
train,Thriller,353433,280
train,Thriller,113728,257
train,Thriller,323149,223
train,Thriller,479366,186
train,Thriller,84004,201
train,Thriller,354564,163
train,Thriller,29167,311
train,Thriller,414904,221
train,Thriller,176037,213
train,Thriller,259394,338
train,Thriller,235242,288
train,Thriller,249044,195
train,Thriller,463940,146
train,Thriller,38640,251
train,Thriller,159039,212
train,Thriller,405050,212
train,Thriller,9264,264
train,Thriller,201123,247
train,Thriller,45939,369
train,Thriller,350895,278
train,Thriller,340030,188
train,Thriller,364514,259
train,Thriller,92737,171
train,Thriller,464684,207
train,Thriller,157286,304
train,Thriller,307729,212
train,Thriller,120409,82
train,Thriller,428700,356
train,Thriller,390560,321
train,Thriller,419727,169
train,Thriller,132356,356
train,Thriller,378230,134
train,Thriller,248694,217
train,Thriller,313582,222
train,Thriller,79018,192
train,Thriller,36434,280
train,Thriller,152392,96
train,Thriller,241119,152
train,Thriller,486067,130
train,Thriller,350203,358
train,Thriller,137658,326
train,Thriller,173496,64
train,Thriller,246030,340
train,Thriller,115686,79
train,Thriller,284427,255
train,Thriller,327104,131
train,Thriller,390979,213
train,Thriller,137432,210
train,Thriller,266370,273
train,Thriller,70129,130
train,Thriller,57272,295
train,Thriller,44445,208
train,Thriller,277827,259
train,Thriller,460333,239
train,Thriller,262526,263
train,Thriller,491248,262
train,Thriller,106076,334
train,Thriller,9935,266
train,Thriller,461774,113
train,Thriller,483224,59
train,Thriller,167919,177
train,Thriller,412692,173
train,Thriller,357008,303
train,Thriller,449617,179
train,Thriller,330777,309
train,Thriller,125862,140
train,Thriller,320140,98
train,Thriller,95921,328
train,Thriller,26223,293
train,Thriller,41826,284
train,Thriller,353949,323
train,Thriller,146468,246
train,Thriller,269747,218
train,Thriller,228977,114
train,Thriller,263428,346
train,Thriller,135260,139
train,Thriller,43913,173
train,Thriller,419276,205
train,Thriller,280298,187
train,Thriller,55943,372
train,Thriller,322266,212
train,Thriller,308431,75
train,Thriller,267689,142
train,Thriller,275222,197
train,Thriller,350863,210
train,Thriller,36138,125
train,Thriller,116177,98
train,Thriller,113907,190
train,Thriller,4790,190
train,Thriller,62985,335
train,Thriller,382684,189
train,Thriller,23608,237
train,Thriller,116632,311
train,Thriller,31954,280
train,Thriller,53169,186
train,Thriller,320764,211
train,Thriller,81335,109
train,Thriller,298730,322
train,Thriller,458355,192
train,Thriller,356001,130
train,Thriller,225285,189
train,Thriller,246205,291
train,Thriller,450768,244
train,Thriller,18940,190
train,Thriller,284472,199
train,Thriller,356318,195
train,Thriller,351408,162
train,Thriller,270109,307
train,Thriller,185392,230
train,Thriller,467076,177
train,Thriller,105102,264
train,Thriller,262587,126
train,Thriller,93394,233
train,Thriller,288281,310
train,Thriller,166641,341
train,Thriller,82667,290
train,Thriller,288979,192
train,Thriller,138367,181
train,Thriller,347680,59
train,Thriller,137736,69
train,Thriller,93383,218
train,Thriller,376002,204
train,Thriller,133134,137
train,Thriller,171375,280
train,Thriller,288120,293
train,Thriller,476074,201
train,Thriller,116898,275
train,Thriller,9736,264
train,Thriller,127337,283
train,Thriller,415383,148
train,Thriller,263963,838
train,Thriller,255278,192
train,Thriller,115005,251
train,Thriller,31559,392
train,Thriller,256445,201
train,Thriller,105650,230
train,Thriller,138765,358
train,Thriller,120854,228
train,Thriller,105819,313
train,Thriller,388335,273
train,Thriller,11644,273
train,Thriller,443065,364
train,Thriller,379970,329
train,Thriller,71401,378
train,Thriller,77495,153
train,Thriller,26911,515
train,Thriller,212673,194
train,Thriller,158557,234
train,Thriller,71763,201
train,Thriller,251924,200
train,Thriller,59940,181
train,Thriller,180948,289
train,Thriller,440857,91
train,Thriller,218517,173
train,Thriller,390587,267
train,Thriller,76875,321
train,Thriller,84110,392
train,Thriller,463022,269
train,Thriller,411638,187
train,Thriller,148109,212
train,Thriller,291427,232
train,Thriller,214433,161
train,Thriller,324538,276
train,Thriller,264055,254
train,Thriller,138918,275
train,Thriller,256726,167
train,Thriller,395763,207
train,Thriller,462210,240
train,Thriller,302287,296
train,Thriller,89644,365
train,Thriller,138632,311
train,Thriller,38649,357
train,Thriller,2385,383
train,Thriller,22090,329
train,Thriller,387702,343
train,Thriller,48332,242
train,Thriller,291708,191
train,Thriller,71140,221
train,Thriller,260962,279
train,Thriller,55009,790
train,Thriller,53466,298
train,Thriller,229702,316
train,Thriller,438466,277
train,Thriller,361539,214
train,Thriller,444723,162
train,Thriller,449744,314
train,Thriller,266510,299
train,Thriller,235046,281
train,Thriller,252977,384
train,Thriller,172908,331
train,Thriller,414535,219
train,Thriller,249358,292
train,Thriller,374952,202
train,Thriller,454874,310
train,Thriller,222348,222
train,Thriller,74900,329
train,Thriller,237713,355
train,Thriller,353732,176
train,Thriller,221129,296
train,Thriller,298410,323
train,Thriller,28809,267
train,Thriller,451911,271
train,Thriller,249109,250
train,Thriller,173980,173
train,Thriller,265608,280
train,Thriller,326058,266
train,Thriller,448194,243
train,Thriller,298864,248
train,Thriller,403051,133
train,Thriller,308831,270
train,Thriller,446908,226
train,Thriller,16383,279
train,Thriller,133140,174
train,Thriller,488382,219
train,Thriller,251491,265
train,Thriller,45089,320
train,Thriller,90019,287
train,Thriller,231589,91
train,Thriller,278045,410
train,Thriller,429670,358
train,Thriller,89548,181
test,TV_Movie,438084,64
test,TV_Movie,423135,87
test,TV_Movie,302385,64
test,TV_Movie,228190,240
test,TV_Movie,491064,216
test,TV_Movie,254647,281
test,TV_Movie,282040,194
test,TV_Movie,220562,331
test,TV_Movie,468105,206
test,TV_Movie,262434,166
test,TV_Movie,169938,352
test,TV_Movie,390621,113
test,TV_Movie,245739,72
test,TV_Movie,331361,63
test,TV_Movie,117700,64
test,TV_Movie,141871,367
test,TV_Movie,319783,185
test,TV_Movie,391255,254
test,TV_Movie,30936,201
test,TV_Movie,375207,270
test,TV_Movie,207630,113
test,TV_Movie,464610,256
test,TV_Movie,376103,91
test,TV_Movie,381891,169
test,TV_Movie,357808,289
test,TV_Movie,255808,181
test,TV_Movie,331940,354
test,TV_Movie,235513,324
test,TV_Movie,219980,128
test,TV_Movie,70354,68
test,TV_Movie,474069,260
test,TV_Movie,290766,309
test,TV_Movie,279684,125
test,TV_Movie-Thriller,2035,166
test,TV_Movie-Thriller,165845,331
test,TV_Movie-Thriller,31088,253
test,TV_Movie-Thriller,83814,170
test,TV_Movie-Thriller,251497,141
test,TV_Movie-Thriller,247802,222
test,TV_Movie-Thriller,188832,188
test,TV_Movie-Thriller,238247,158
test,TV_Movie-Thriller,364281,242
test,TV_Movie-Thriller,94403,62
test,TV_Movie-Thriller,61837,216
test,TV_Movie-Thriller,279380,231
test,TV_Movie-Thriller,107741,251
test,TV_Movie-Thriller,291288,132
test,TV_Movie-Thriller,270931,209
test,TV_Movie-Thriller,73759,65
test,TV_Movie-Thriller,461337,194
test,TV_Movie-Thriller,358820,333
test,TV_Movie-Thriller,401392,307
test,TV_Movie-Thriller,297467,260
test,TV_Movie-Thriller,369650,250
test,TV_Movie-Thriller,64449,257
test,TV_Movie-Thriller,354357,313
test,TV_Movie-Thriller,371801,210
test,TV_Movie-Thriller,107729,155
test,TV_Movie-Thriller,155724,307
test,TV_Movie-Thriller,238752,179
test,TV_Movie-Thriller,473257,319
test,TV_Movie-Thriller,215081,168
test,TV_Movie-Thriller,402567,283
test,TV_Movie-Thriller,137048,213
test,TV_Movie-Thriller,250027,135
test,Thriller-War,18200,249
test,Thriller-War,284156,392
test,Thriller-War,268243,156
test,Thriller-War,248646,312
test,Thriller-War,75363,383
test,Thriller-War,31997,252
test,Thriller-War,449498,241
test,Thriller,406589,208
test,Thriller,280251,197
test,Thriller,80949,307
test,Thriller,66772,386
test,Thriller,52390,402
test,Thriller,38553,192
test,Thriller,309458,320
test,Thriller,64524,114
test,Thriller,211670,270
test,Thriller,160835,338
test,Thriller,397685,112
test,Thriller,157849,315
test,Thriller,239793,228
test,Thriller,386813,251
test,Thriller,161106,177
test,Thriller,208158,230
test,Thriller,296239,298
test,Thriller,70029,248
test,Thriller,116010,237
test,Thriller,139047,246
test,Thriller,75638,302
test,Thriller,408083,353
test,Thriller,102042,261
test,Thriller,287363,269
test,Thriller,393829,330
test,Thriller,353768,243
test,Thriller,256373,254
test,Thriller,131363,169
test,Thriller,398748,266
test,Thriller,414935,275
test,Thriller,465185,170
test,Thriller,245119,257
test,Thriller,427822,179
test,Thriller,441804,457
test,Thriller,44046,230
test,Thriller,451112,131
test,Thriller,78326,374
test,Thriller,256880,316
test,Thriller,327933,283
test,Thriller,329138,282
test,Thriller,89587,190
test,Thriller,281581,333
test,Thriller,267931,286
test,Thriller,305570,191
test,Thriller,388949,286
test,Thriller,22316,162
test,Thriller,437078,185
test,Thriller,345054,325
test,Thriller,215338,241
test,Thriller,175245,203
test,Thriller,108115,263
test,Thriller,133592,266
test,Thriller,411599,64
test,Thriller,92416,164
test,Thriller,300581,155
test,Thriller,403505,263
test,Thriller,74912,349
test,Thriller,168366,321
test,Thriller,84374,253
test,Thriller,251920,252
test,Thriller,71483,298
test,Thriller,346286,274
test,Thriller,201492,125
test,Thriller,283025,222
test,Thriller,21577,214
test,Thriller,271755,207
test,Thriller,202437,334
test,Thriller,60839,204
test,Thriller,49313,298
test,Thriller,103622,340
test,Thriller,223899,157
test,Thriller,2057,551
test,Thriller,279538,327
test,Thriller,290646,254
test,Thriller,174661,326
test,Thriller,17152,168
test,Thriller,490675,127
test,Thriller,104914,321
test,Thriller,338274,230
test,Thriller,120824,253
test,Thriller,391391,229
test,Thriller,284000,184
test,Thriller,14708,153
test,Thriller,263911,298
test,Thriller,122452,320
test,Thriller,360817,304
test,Thriller,373004,131
test,Thriller,125495,285
test,Thriller,126323,235
test,Thriller,118320,321
test,Thriller,153333,324
test,Thriller,128145,223
test,Thriller,190405,165
test,Thriller,296713,352
test,Thriller,29482,321
test,Thriller,209251,228
test,Thriller,344434,261
test,Thriller,384141,220
test,Thriller,398574,184
test,Thriller,223341,204
test,Thriller,325803,249
test,Thriller,304022,149
test,Thriller,260704,68
test,Thriller,213518,196
test,Thriller,282248,342
test,Thriller,445749,233
test,Thriller,88060,207
test,Thriller,21192,271
test,Thriller,228933,206
test,Thriller,251544,338
test,Thriller,279288,365
test,Thriller,473258,214
test,Thriller,453056,230
test,Thriller,405535,210
test,Thriller,278155,518
test,Thriller,347750,334
test,Thriller,117919,175
test,Thriller,328820,301
test,Thriller,452999,201
test,Thriller,28497,1075
test,Thriller,10064,266
test,Thriller,112307,288
test,Thriller,49823,311
test,Thriller,394214,247
test,Thriller,371958,331
test,Thriller,434117,164
test,Thriller,89418,297
test,Thriller,333605,313
test,Thriller,463974,263
test,Thriller,124655,281
test,Thriller,431302,247
test,Thriller,401133,180
test,Thriller,327266,248
test,Thriller,447387,230
test,Thriller,413721,242
test,Thriller,206793,135
test,Thriller,53918,122
test,Thriller,441681,318
test,Thriller,354788,238
test,Thriller,70759,352
test,Thriller,359029,250
test,Thriller,124093,191
test,Thriller,365336,313
test,Thriller,476353,185
test,Thriller,274536,256
test,Thriller,15827,129
test,Thriller,96631,242
test,Thriller,295331,216
test,Thriller,39903,177
test,Thriller,54872,198
test,Thriller,203270,288
test,Thriller,10518,351
test,Thriller,385737,245
test,Thriller,444296,277
test,Thriller,82465,294
test,Thriller,418930,144
test,Thriller,206376,375
test,Thriller,95084,174
test,Thriller,354036,372
test,Thriller,202537,209
test,Thriller,451156,297
test,Thriller,299796,135
test,Thriller,205749,248
test,Thriller,279126,225
test,Thriller,399912,222
test,Thriller,254601,196
test,Thriller,92420,339
test,Thriller,153695,232
test,Thriller,41576,125
test,Thriller,394684,246
test,Thriller,359223,212
test,Thriller,464605,342
test,Thriller,51984,260
test,Thriller,115560,335
test,Thriller,21365,199
test,Thriller,478585,128
test,Thriller,81010,224
test,Thriller,269977,880
test,Thriller,460723,158
test,Thriller,432831,188
test,Thriller,11258,281
test,Thriller,92675,245
test,Thriller,454634,235
test,Thriller,363610,213
test,Thriller,258655,272
test,Thriller,275729,203
test,Thriller,111014,290
test,Thriller,304785,197
test,Thriller,100067,264
test,Thriller,126939,383
test,Thriller,138314,374
test,Thriller,169356,96
test,Thriller,428135,147
test,Thriller,66526,237
test,Thriller,343492,293
test,Thriller,397228,139
test,Thriller,32048,199
test,Thriller,282381,335
test,Thriller,23843,274
test,Thriller,463875,69
test,Thriller,15247,378
test,Thriller,445799,133
test,Thriller,18591,251
test,Thriller,364055,312
test,Thriller,38964,265
test,Thriller,324718,361
test,Thriller,354441,337
test,Thriller,407342,197
test,Thriller,279983,217
test,Thriller,207933,307
test,Thriller,172714,246
test,Thriller,345348,130
test,Thriller,488623,213
test,Thriller,476905,193
test,Thriller,191094,213
test,Thriller,154115,383
test,Thriller,354791,237
test,Thriller,350931,282
test,Thriller,128876,150
test,Thriller,31983,167
test,Thriller,491407,380
test,Thriller,45453,236
test,Thriller,271687,212
test,Thriller,128789,222
test,Thriller,418576,160
test,Thriller,415774,189
test,Thriller,253775,186
test,Thriller,201918,193
test,Thriller,301572,110
test,Thriller,219389,294
test,Thriller,332541,172
test,Thriller,123113,323
test,Thriller,277750,163
test,Thriller,383583,340
test,Thriller,111847,277
test,Thriller,403820,280
test,Thriller,280054,387
test,Thriller,293265,241
test,Thriller,132281,295
test,Thriller,54721,342
test,Thriller,344277,92
test,Thriller,225896,286
test,Thriller,243613,301
test,Thriller,437743,304
test,Thriller,425007,231
test,Thriller,220838,299
test,Thriller,292041,199
test,Thriller,41422,210
test,Thriller,407424,247
test,Thriller,135223,151
test,Thriller,280262,276
test,Thriller,257080,246
test,Thriller,50800,380
test,Thriller,12617,352
test,Thriller,38252,201
test,Thriller,118302,203
test,Thriller,197844,300
test,Thriller,355248,328
test,Thriller,352997,325
test,Thriller,430043,266
test,Thriller,44426,285
test,Thriller,400777,233
test,Thriller,308274,305
test,Thriller,291302,197
test,Thriller,43998,226
test,Thriller,97867,278
test,Thriller,465926,200
test,Thriller,348760,234
test,Thriller,358403,185
test,Thriller,405571,88
test,Thriller,358515,213
test,Thriller,179176,257
test,Thriller,301300,296
test,Thriller,76013,299
test,Thriller,174755,150
test,Thriller,293146,183
test,Thriller,73818,249
test,Thriller,332843,308
test,Thriller,277848,532
test,Thriller,86203,372
test,Thriller,12103,300
test,Thriller,252781,81
test,Thriller,392795,208
test,Thriller,228245,306
test,Thriller,73646,255
test,Thriller,266138,323
test,Thriller,92772,235
test,Thriller,403513,358
test,Thriller,265473,193
test,Thriller,143158,204
test,Thriller,432784,299
test,Thriller,139874,68
test,Thriller,117189,258
test,Thriller,74091,181
test,Thriller,55380,242
test,Thriller,380565,244
test,Thriller,300416,128
test,Thriller,137242,330
test,Thriller,418647,259
test,Thriller,322447,252
test,Thriller,284875,218
test,Thriller,394645,249
test,Thriller,133559,96
test,Thriller,229615,292
test,Thriller,91191,299
test,Thriller,397153,175
test,Thriller,136884,144
test,Thriller,374970,187
test,Thriller,460339,278
test,Thriller,91144,214
test,Thriller,482285,330
test,Thriller,63415,154
test,Thriller,71010,277
test,Thriller,83351,321
test,Thriller,348511,124
test,Thriller,340165,267
test,Thriller,466160,366
test,Thriller,99222,233
test,Thriller,410556,312
test,Thriller,30254,304
test,Thriller,42391,268
test,Thriller,41344,221
test,Thriller,32665,332
test,Thriller,115700,130
test,Thriller,99859,184
test,Thriller,35004,209
test,Thriller,207423,279
test,Thriller,215243,280
test,Thriller,413096,269
test,Thriller,262835,171
test,Thriller,68548,234
test,Thriller,359636,192
test,Thriller,252278,278
test,Thriller,419266,299
test,Thriller,454637,212
test,Thriller,31558,256
test,Thriller,129668,260
test,Thriller,484414,130
test,Thriller,279775,223
test,Thriller,423622,168
test,Thriller,278005,231
test,Thriller,259074,197
test,Thriller,183686,246
test,Thriller,342157,153
test,Thriller,74027,129
test,Thriller,479708,262
test,Thriller,62103,222
test,Thriller,125042,358
test,Thriller,54817,256
test,Thriller,255504,336
test,Thriller,299139,569
test,Thriller,151484,233
test,Thriller,279750,78
test,Thriller,51634,307
test,Thriller,364503,212
test,Thriller,347588,287
test,Thriller,115377,339
test,Thriller,381674,188
test,Thriller,191005,268
test,Thriller,155391,264
test,Thriller,73677,611
test,Thriller,271711,307
test,Thriller,105666,203
test,Thriller,114257,159
test,Thriller,398916,154
test,Thriller,205588,274
test,Thriller,184866,219
test,Thriller,332394,275
test,Thriller,416888,191
test,Thriller,273516,215
test,Thriller,70035,295
test,Thriller,268394,280
test,Thriller,199074,218
test,Thriller,382662,210
test,Thriller,483304,480
test,Thriller,375061,152
test,Thriller,140450,240
test,Thriller,326534,219
test,Thriller,265964,124
test,Thriller,274693,160
test,Thriller,326075,275
test,Thriller,402701,227
test,Thriller,80016,218
test,Thriller,346755,198
test,Thriller,483201,360
test,Thriller,35077,235
test,Thriller,136075,202
test,Thriller,201068,187
test,Thriller,253532,286
test,Thriller,76851,301
test,Thriller,208430,199
test,Thriller,234546,282
test,Thriller,115692,222
test,Thriller,211381,247
test,Thriller,252309,191
test,Thriller,193289,351
test,Thriller,199430,157
test,Thriller,108513,209
test,Thriller,21851,328
test,Thriller,151009,92
test,Thriller,398826,290
test,Thriller,65302,256
test,Thriller,242790,212
test,Thriller,86219,289
test,Thriller,490176,176
test,Thriller,474377,87
test,Thriller,466300,210
test,Thriller,356187,294
test,Thriller,96546,69
test,Thriller,141497,224
test,Thriller,177537,280
test,Thriller,216412,213
test,Thriller,339763,327
test,Thriller,256079,293
test,Thriller,260891,355
test,Thriller,369233,187
test,Thriller,389260,222
test,Thriller,393432,367
test,Thriller,26533,257
test,Thriller,448090,260
test,Thriller,383894,174
test,Thriller,401358,298
test,Thriller,265321,222
test,Thriller,109244,215
test,Thriller,114221,143
test,Thriller,385457,65
test,Thriller,244787,212
test,Thriller,403018,372
test,Thriller,451772,188
test,Thriller,326927,184
test,Thriller,299287,354
test,Thriller,134383,135
test,Thriller,453932,282
test,Thriller,216303,290
test,Thriller,396128,323
test,Thriller,147037,97
test,Thriller,87887,214
test,Thriller,385691,223
test,Thriller,459928,248
test,Thriller,380736,274
test,Thriller,353999,220
test,Thriller,219832,341
test,Thriller,442081,25
test,Thriller,347647,277
test,Thriller,53120,269
test,Thriller,261264,397
test,Thriller,272519,328
test,Thriller,24259,254
test,Thriller,59222,190
test,Thriller,225888,289
test,Thriller,196305,231
test,Thriller,255339,110
test,Thriller,10594,99
test,Thriller,49946,317
test,Thriller,379316,286
test,Thriller,58195,235
test,Thriller,376453,237
test,Thriller,36204,322
test,Thriller,62339,275
test,Thriller,64239,184
test,Thriller,133183,116
test,Thriller,475323,148
test,Thriller,555,159
test,Thriller,165213,189
test,Thriller,93077,284
test,Thriller,306947,284
test,Thriller,41532,135
test,Thriller,435282,178
test,Thriller,112415,379
test,Thriller,8978,291
test,Thriller,90376,257
test,Thriller,477884,119
test,Thriller,1917,239
test,Thriller,431310,158
test,Thriller,13538,182
test,Thriller,359582,266
test,Thriller,455425,306
test,Thriller,15233,230
test,Thriller,34733,125
test,Thriller,343324,189
test,Thriller,467192,308
test,Thriller,378080,216
test,Thriller,223612,332
test,Thriller,257302,131
test,Thriller,290715,192
test,Thriller,137350,243
test,Thriller,85375,126
test,Thriller,44363,242
test,Thriller,108465,224
test,Thriller,48391,231
test,Thriller,110429,139
test,Thriller,47830,232
test,Thriller,277836,321
test,Thriller,10672,317
test,Thriller,476490,404
test,Thriller,36754,247
test,Thriller,223771,130
test,Thriller,102419,128
test,Thriller,44661,251
test,Thriller,252256,366
test,Thriller,85007,365
test,Thriller,380407,153
test,Thriller,115100,192
test,Thriller,105119,359
test,Thriller,451512,221
test,Thriller,116996,220
test,Thriller,44232,124
test,Thriller,447606,252
test,Thriller,242033,254
test,Thriller,105880,219
test,Thriller,331885,279
test,Thriller,226732,192
test,Thriller,191118,246
test,Thriller,352079,218
test,Thriller,168079,199
test,Thriller,301355,240
test,Thriller,466920,175
test,Thriller,217439,99
test,Thriller,15456,324
test,Thriller,474884,273
test,Thriller,447023,63
test,Thriller,400184,197
test,Thriller,252297,293
test,Thriller,16188,291
test,Thriller,42058,196
test,Thriller,32849,249
test,Thriller,483862,308
test,Thriller,29810,212
test,Thriller,69370,210
test,Thriller,247043,199
test,Thriller,341578,203
test,Thriller,115723,192
test,Thriller,469291,307
test,Thriller,401060,223
test,Thriller,117996,266
test,Thriller,347840,336
test,Thriller,59583,179
test,Thriller,10524,130
test,Thriller,452010,90
test,Thriller,2991,939
test,Thriller,277451,250
test,Thriller,434675,216
test,Thriller,122263,354
test,Thriller,9754,303
test,Thriller,291535,212
test,Thriller,244467,262
test,Thriller,102737,296
test,Thriller,340488,207
test,Thriller,303858,327
test,Thriller,479334,259
test,Thriller,51071,246
test,Thriller,34108,340
test,Thriller,74569,142
test,Thriller,38091,265
test,Thriller,84442,250
test,Thriller,41641,164
test,Thriller,259735,143
test,Thriller,68667,272
test,Thriller,257000,277
test,Thriller,137172,312
test,Thriller,54871,116
test,Thriller,316319,320
test,Thriller,234121,345
test,Thriller,148652,128
test,Thriller,79374,191
test,Thriller,96243,128
test,Thriller,118342,343
test,Thriller,58452,287
test,Thriller,222978,187
test,Thriller,251267,278
test,Thriller,92119,255
test,Thriller,152259,185
test,Thriller,287775,382
test,Thriller,405796,222
test,Thriller,38629,64
test,Thriller,210054,167
test,Thriller,394279,328
test,Thriller,357530,184
test,Thriller,465410,59
test,Thriller,329802,331
test,Thriller,394661,252
test,Thriller,372490,202
test,Thriller,299823,224
test,Thriller,239406,279
test,Thriller,406298,216
test,Thriller,44646,220
test,Thriller,446170,208
test,Thriller,87388,329
test,Thriller,369183,124
test,Thriller,178751,325
test,Thriller,491183,197
